title,developer,url,group,monthlyUsers,totalUsers,rating,reviews,description
Facebook Ads Library Scraper,Apify,https://apify.com/apify/facebook-ads-scraper?fpr=youssef,ads-and-trends,7126,40853,4.0,59,"Extract advertising data from Facebook, Instagram, WhatsApp, Threads. Get ads, publishers, prices, reach estimates, impressions, links, images, IDs, timestamps, product info, and more from Facebook Ad Library. Export ad data, schedule runs via API, and integrate with other tools or AI workflows"
Facebook Ad Library Scraper,Curious Coder,https://apify.com/curious_coder/facebook-ads-library-scraper?fpr=youssef,ads-and-trends,6184,43515,4.8,111,Scrape ads from facebook ads library search results and facebook pages. Cost
Amazon Product Scraper,Junglee,https://apify.com/junglee/Amazon-crawler?fpr=youssef,amazon,2367,24537,4.2,58,"Use this Amazon scraper to collect data based on URL and country from the Amazon website. Extract product information without using the Amazon API, including reviews, prices, descriptions, and Amazon Standard Identification Numbers (ASINs). Download data in various structured formats"
"Taobao 淘宝 Product Detail Scraper - SKUs, Prices, Reviews",Zen Studio,https://apify.com/zen-studio/taobao-detail-scraper?fpr=youssef,chinese-marketplaces,2313,3336,5.0,2,"Extract SKUs, prices, attributes, optional reviews, images, videos, shop data, and category metadata from Taobao (淘宝) and Tmall (天猫) product URLs or item IDs. Export clean JSON, CSV, and Excel rows"
Amazon Reviews Scraper,Junglee,https://apify.com/junglee/amazon-reviews-scraper?fpr=youssef,amazon,1927,14525,3.9,44,"Amazon scraper to extract reviews from Amazon products. Scrape and download detailed reviews without using the Amazon API, including rating score, review description, reactions and images. Download your data as HTML table, JSON, CSV, Excel, XML"
Taobao Product Scraper,Pizani,https://apify.com/pizani/taobao-product-scraper?fpr=youssef,chinese-marketplaces,1428,1887,,0,"Extract detailed product data from Taobao, including title, price, reviews, specifications, images, options, and categories. Perfect for market research, e-commerce insights, and data-driven decision-making"
Facebook Marketplace Scraper,Apify,https://apify.com/apify/facebook-marketplace-scraper?fpr=youssef,global-marketplaces,889,11065,3.9,31,"Extract data from one or multiple Facebook Marketplace listings. Scrape data on apartments, whole categories, items for sale, prices, location and sellers. Export scraped data in JSON, CSV, and Excel, run the scraper via API, schedule and monitor runs or integrate with other tools"
eBay Sold Listings Search,Caffein Dev,https://apify.com/caffein.dev/ebay-sold-listings?fpr=youssef,ebay-etsy,848,3680,4.4,14,"Get confirmed eBay sold prices. Search by keyword across 8 marketplaces, filter by date range, and export clean structured data for comps, resale pricing, and market research"
E-commerce Scraping Tool,Apify,https://apify.com/apify/e-commerce-scraping-tool?fpr=youssef,other-ecommerce,789,15205,3.9,51,"Scrape data from e-commerce websites with E-commerce Scraping Tool. Scrape almost any retail site in minutes, extract e-commerce data and use it to monitor price details over time or compare different e-commerce sites’ offerings"
Amazon Reviews Scraper,Billy,https://apify.com/web_wanderer/amazon-reviews-extractor?fpr=youssef,amazon,770,5578,3.4,31,"[UPDATED] Scrape Amazon reviews per product! Filter by stars, keywords, media & verified purchases. Extract global reviews (20+ regions). Export JSON/CSV. Perfect for market research & SEO"
Temu Products Scraper,CRW,https://apify.com/crw/temu-products-scraper?fpr=youssef,chinese-marketplaces,769,1497,5.0,2,"Extract product data from Temu by search keyword. Collect prices, discounts, ratings, sales counts, and images. Supports sort options including relevance, top sales, most recent, and price order. Ideal for dropshipping research, price monitoring, and trend analysis"
1688 Wholesale Products Scraper - 50+ Fields from 1688.com,Zen Studio,https://apify.com/zen-studio/1688-wholesale-scraper?fpr=youssef,chinese-marketplaces,628,2470,5,4,"Extract 50+ fields per product from 1688.com at 250+ products/minute. Tiered wholesale pricing, supplier verification, factory stats, dropship channels, certifications, trade service scores. Search by keyword (Chinese/English) or offer IDs. JSON output, no login required"
Trustpilot Reviews Scraper,Automation Lab,https://apify.com/automation-lab/trustpilot?fpr=youssef,reviews,627,2471,5,1,"Extract Trustpilot reviews with ratings, replies, reviewer info, and company data. Tiered per-review pricing applies, plus a run start fee"
Tiktok Shop Scraper,Pratik Dani,https://apify.com/pratikdani/tiktok-shop-scraper?fpr=youssef,chinese-marketplaces,550,2947,4.6,8,"This actor automates TikTok Shop data extraction, gathering product details, pricing, sales, and competitor insights. Scrape crucial e-commerce data directly from TikTok to analyze trends, track performance, and optimize your shop strategy"
Facebook marketplace scraper,Curious Coder,https://apify.com/curious_coder/facebook-marketplace?fpr=youssef,global-marketplaces,523,5086,4.9,8,Scrape facebook marketplace listings from search URLs or using filters and get complete details including seller info. Option to get only new listings* across multiple runs. Cost
Amazon Scraper,Junglee,https://apify.com/junglee/free-amazon-product-scraper?fpr=youssef,amazon,437,14638,4.7,46,"Gets you product data from Amazon. Unofficial API. Scrapes and downloads product information without using the Amazon API, including reviews, prices, descriptions, and ASIN"
Pinterest Scraper | All-In-One,Fatih Tahta,https://apify.com/fatihtahta/pinterest-scraper-search?fpr=youssef,ads-and-trends,401,2554,5,4,"Scrape Pinterest profiles, pins and boards into clean JSON. Get titles, descriptions, images/video, creator + board info, links, domains, timestamps and engagement signals. Great for trend research, content planning, creator discovery and competitive tracking"
Amazon Bestsellers Scraper,Junglee,https://apify.com/junglee/amazon-bestsellers?fpr=youssef,amazon,390,5048,4.3,12,"Scrape the Amazon Best Sellers categories and extract details on top 100 most popular items on Amazon. Download product name, price, URL, and thumbnail image. Best used on.com,.co.uk,.de,.fr,.es, and.it domains. Download your data in various formats: HTML table, JSON, CSV, Excel, and more"
Fast Amazon Bestsellers Scraper,Amazon Scraper,https://apify.com/amazon-scraper/amazon-bestsellers-scraper?fpr=youssef,amazon,323,1041,5,1,"Amazon Best Sellers Scraper, Amazon URLs from 9 different Amazon domains:.com, com.au,.in, co.jp,.de..co.uk,.fr,.es and.it. Scrape the 100 top-selling items on Amazon"
Etsy Listings Scraper - Live Carts & Ads,Yakugusa Yumitori,https://apify.com/yumitori/etsy-listings-scraper?fpr=youssef,ebay-etsy,311,1185,,0,"Scrape Etsy listings by keyword with data no other scraper exposes - live cart counts, ""X people bought in 24h"" signals, Etsy Ads slot positions, bestseller and star-seller badges, seller velocity. Up to 1,080 per keyword, any country. No proxy or captcha needed"
Taobao Tmall Product Scraper,SIÁN OÜ,https://apify.com/sian.agency/taobao-tmall-product-scraper?fpr=youssef,chinese-marketplaces,307,1212,4.4,4,"Scrape Taobao and Tmall into clean structured datasets - product details, seller reputation and service terms, keyword search, shop catalogs, customer reviews and buyer Q&A. Seven operations in one actor, one clean dataset per run. No account, no API key, no setup"
Google Maps Reviews Scraper - Most Comprehensive,Kai,https://apify.com/kaix/google-maps-reviews-scraper?fpr=youssef,reviews,288,1599,4.9,12,"~ most comprehensive Google Maps review scraper. Extract reviews with ratings, text, translations, photos, author details, owner responses, structured dining/hotel/attraction data, and 65+ place fields. Supports keyword filtering, sorting"
Google Flights Scraper - Most Comprehensive,Kai,https://apify.com/kaix/google-flights-scraper?fpr=youssef,other-ecommerce,277,663,,0,"~ one-way, round-trip, and multi-city flights, compare flexible dates and destinations, and add optional booking choices"
Amazon Reviews Scraper,Data Forge,https://apify.com/jdtpnjtp/amazon-reviews?fpr=youssef,amazon,277,536,5,1,"Scrape full Amazon customer reviews with NO login and NO cookie. Provide ASINs or product URLs - get every review (rating, title, text, author, date, verified, helpful votes, photos) as clean structured rows. Pay only per review, no subscription"
Woolworths AU Product Scraper,Dmitriy Gyrbu,https://apify.com/dromb/woolworths-au-product-search-catalog-unofficial?fpr=youssef,us-retailers,276,328,,0,"Scrape Woolworths Australia product search results, category listings, prices, specials, nutrition fields, and normalized item data for grocery monitoring workflows"
Coles AU Product Search Scraper,Dmitriy Gyrbu,https://apify.com/dromb/coles-au-product-search-specials-stores-unofficial?fpr=youssef,us-retailers,276,325,,0,"Scrape Coles Australia product search results, prices, specials, categories, store context, barcode lookups, and normalized item data for grocery monitoring workflows"
"Amazon Scraper - Product Prices, BSR & Sales Estimates",Automly,https://apify.com/automly/amazon-products-scraper---fast-efficient-with-sales-data?fpr=youssef,amazon,275,1039,,0,"Scrape Amazon products by keyword, product link or ASIN in 20 Amazon stores: price, Best Sellers Rank, monthly sales and revenue estimates, rating, review count, badges, variants and specs. No login. Export to CSV, JSON or Excel, schedule runs or use the API"
Ozon.ru Product Scraper PRO | Парсер товаров Ozon,Zen Studio,https://apify.com/zen-studio/ozon-scraper-pro?fpr=youssef,global-marketplaces,270,1208,4.7,6,"Full product data for any Ozon URL or search query - pricing, specs, variants, reviews, sellers, price history. Search with filters (price, rating, delivery). Tile-only mode 5x cheaper. JSON/CSV/Excel. No login. | Товары Ozon: цены, характеристики, варианты, отзывы, продавцы, история цен"
ALDI AU Product Scraper,Dmitriy Gyrbu,https://apify.com/dromb/aldi-au-product-search-catalog-unofficial?fpr=youssef,us-retailers,265,282,,0,"Scrape ALDI Australia product search results, category listings, prices, specials, and normalized item details for price monitoring and market research"
Shopee Scraper,Gio,https://apify.com/gio21/shopee-scraper?fpr=youssef,global-marketplaces,264,2749,4.3,19,"Scrape Shopee product listings by keyword, category, or URL across Brazil, Singapore, Malaysia, Vietnam, Thailand, and Philippines. Returns price, discount, seller, ratings, stock, shipping. Ideal for price monitoring, seller intelligence, and market research"
Tiktok Shop Search Scraper,Pratik Dani,https://apify.com/pratikdani/tiktok-shop-search-scraper?fpr=youssef,chinese-marketplaces,261,2315,3.6,5,"This actor scrapes TikTok Shop search results for detailed product data, including titles, prices, sellers, ratings, descriptions, and media URLs. It's designed for market research, competitor analysis, trend spotting, and e-commerce strategy optimization"
Google Maps Scraper - Most Comprehensive,Kai,https://apify.com/kaix/google-maps-places-scraper?fpr=youssef,reviews,251,1410,5,2,"~ most comprehensive Google Maps scraper available. Extract 76+ fields per place including photos, review breakdowns, owner info, contacts, coordinates, and 30+ service options. Just type a keyword and location"
Temu Products Scraper,Amit,https://apify.com/amit123/temu-products-scraper?fpr=youssef,chinese-marketplaces,251,1370,3.5,7,"Scrapes product listings from Temu based on search keywords. Returns detailed data including title, price, discount, rating, sales, images, and product links. Ideal for price tracking, product research, and e-commerce analysis. Fast, structured, and easy to use"
"Taobao Tmall 淘宝 Product Scraper - Prices, SKUs, Reviews",Zen Studio,https://apify.com/zen-studio/taobao-search-scraper?fpr=youssef,chinese-marketplaces,249,808,4.7,3,"Extract Taobao (淘宝) and Tmall (天猫) prices, SKUs, reviews, shop data, images, and attributes by keyword. Supports Chinese searches like 女装, 口红, 手机壳; exports JSON, CSV, and Excel"
"Pinterest Scraper | Pins, Boards and Profiles",SilentFlow,https://apify.com/silentflow/pinterest-scraper-ppr?fpr=youssef,other-ecommerce,248,1168,5,2,"Pay per result Pinterest scraper. Extract pins, boards, users and search results. Pay only for the data you get -. 30+ data fields including images, engagement metrics, SEO metadata and prices"
Booking.com Hotel Scraper,NanoScrape,https://apify.com/santamaria-automations/booking-com-scraper?fpr=youssef,reviews,242,1073,,0,"Scrape hotel listings from Booking.com including prices, ratings, availability, and cancellation policies. Uses the unprotected GraphQL API - HTTP-only, low memory, fast"
AliExpress Products Scraper,devcake,https://apify.com/devcake/aliexpress-products-scraper?fpr=youssef,chinese-marketplaces,237,1709,5,2,"Scrape AliExpress search results to find best-selling products. Get prices, ratings, reviews, and order counts"
Shopee Search & Category Scraper - Cheapest,Farhan Febrian Nauval,https://apify.com/xtracto/shopee-search?fpr=youssef,global-marketplaces,236,1207,5.0,3,"Search Shopee products by keyword, category URL, or any Shopee listing URL. Optionally enrich each result with full product detail (price variants, stock, images, attributes, seller info) across multiple countries. Fast, lightweight, and no browser or account required"
TikTok Shop Scraper [NO COOKIES],Unseen User,https://apify.com/unseenuser/TikTok-Shop-Scraper?fpr=youssef,chinese-marketplaces,206,2245,5,5,"Extract product data, reviews, seller info, creator affiliates, and GMV/sales estimates from TikTok Shop at scale. Filter by category, price range, and country (US, UK). Built for dropshippers, e-commerce sellers, and DTC brands hunting trending products before they go viral"
1688.com Products Scraper,devcake,https://apify.com/devcake/1688-com-products-scraper?fpr=youssef,chinese-marketplaces,204,913,5,1,"Fast 1688.com scraper for bulk pricing tiers, supplier badges, product specs, and demand metrics. Filter by best-selling to find proven products with factory-direct pricing"
Google Lens | AI Mode | Reverse image search | Translation+OCR,borderline,https://apify.com/borderline/google-lens?fpr=youssef,other-ecommerce,202,1974,3.9,4,"Google Lens | Reverse image search | AI Mode Seamlessly identify text, translate in real time, recognize and classify objects, reverse search images, and extract detailed structured data. It’s fast, reliable, and affordable - your essential tool for all visual intelligence needs!"
Facebook Ads Scraper - Meta Ad Library Scraper & API,Automly,https://apify.com/automly/facebook-ad-library-scraper?fpr=youssef,ads-and-trends,201,1328,4.3,4,"Scrape Facebook and Instagram ads from the Meta Ad Library by keyword, Page or Ad Library link: ad text, images, videos, start and end dates, spend, reach and advertiser details. No login. Export to CSV, JSON or Excel, schedule runs or use the API"
"Shopify Store Leads Scraper - Emails, Phones & Ratings",ClearPath,https://apify.com/clearpath/shopify-store-leads?fpr=youssef,shopify-stores,197,1686,4.4,4,"Scrape Shopify store leads by keyword or category. Extract emails, phone numbers, addresses, ratings, and social links. Find storeleads for B2B outreach, supplier discovery, and market research"
Парсер объявлений Авито / Avito Scraper: телефоны и цены,Zen Studio,https://apify.com/zen-studio/avito-listings-scraper?fpr=youssef,global-marketplaces,197,1121,5,3,"Парсер объявлений Авито: телефоны продавцов в открытом виде, цены, характеристики, отзывы и координаты. 76 категорий: авто, недвижимость, вакансии, услуги, посуточная аренда и отели"
G2 Reviews & Products Scraper,Automation Lab,https://apify.com/automation-lab/g2-scraper?fpr=youssef,reviews,193,832,5,2,"Scrape G2.com reviews, ratings, and product data. Extract NPS scores, reviewer sentiment, ease-of-use ratings, switching data, and product lists from 5M+ reviews across 220K+ products"
"Etsy Scraper - Product Research, Tags, Prices & Sales",Yakugusa Yumitori,https://apify.com/yumitori/etsy-search-scraper?fpr=youssef,ebay-etsy,182,295,,0,"Etsy product research without the guesswork. Search any keyword and get every listing's tags, prices, views and demand - plus each shop's sales. The Etsy data the official API won't give you. No API key, no login, no extension"
"TikTok Shop Scraper API - Products, Reviews & Sellers",Kelopr_bk,https://apify.com/trakk/tiktok-shop-search-scraper?fpr=youssef,chinese-marketplaces,179,418,,0,"Scrape TikTok Shop products with full detail in all 10 stores: descriptions, SKUs, stock, shipping, videos and customer reviews. Search by keyword in the US and 5 regional stores, browse category catalogs in 9 markets, or pull exact products by URL or ID. Local prices, never converted"
"TikTok Shop Scraper API - Products, Reviews, GMV",Raven,https://apify.com/pro100chok/tiktok-shop-scraper-usage?fpr=youssef,chinese-marketplaces,178,669,5,1,"Scrape TikTok Shop in 6 markets (US, SG, MY, TH, VN, PH): keyword search, categories, full product details with variants, reviews one-per-row, store analytics with GMV estimates and creator profiles. Local prices and currencies. No login, no API key, no proxy setup. Clean JSON, CSV and Excel export"
Meta | Facebook Ads Library Scraper,Azzouzana,https://apify.com/azzouzana/meta-facebook-instagram-ads-library?fpr=youssef,ads-and-trends,171,560,5,8,"#1 Ultimate Meta | Instagram & Facebook Ad Library Scraper Fast. Get ad creatives, status & more from FB Pages, Instagram profiles or an Ad Library search URLs. Get deep audience demographics (age/gender), reach metrics & much more! High-velocity, enterprise-grade scraping"
"AliExpress Scraper - Search Products, Prices & Ratings",Thirdwatch,https://apify.com/thirdwatch/aliexpress-product-scraper?fpr=youssef,chinese-marketplaces,170,784,5,1,"Scrape and monitor AliExpress products, prices, discounts, ratings, sales, images, and selling points. Get only new or price-changed listings on scheduled runs"
Shopee Scraper - All In One,Farhan Febrian Nauval,https://apify.com/xtracto/shopee-scraper?fpr=youssef,global-marketplaces,169,2703,4.1,10,"All-in-one Shopee scraper to extract product, search, category, and shop data across multiple countries. fast, lightweight, and no browser or account required"
Shopee Product Reviews Scraper: Full History & Filters,Zen Studio,https://apify.com/zen-studio/shopee-product-reviews-scraper?fpr=youssef,global-marketplaces,169,577,4,1,"Scrape full Shopee product reviews by URL: complete review history with text, star and per-aspect sub-ratings, buyer photos and videos, the variant purchased, and seller replies. Filter by star or by media/comments. Works across all 8 Shopee markets"
Mercadolivre Scraper (Brasil português),karamelo,https://apify.com/karamelo/mercadolivre-scraper-brasil-portugues?fpr=youssef,global-marketplaces,167,2002,4.8,7,"MercadoLivre Scraper para produtos e ofertas do dia é uma ferramenta de web scraping de última geração, criada para o site brasileiro MercadoLivre, que permite coletar dados públicos do MercadoLivre de forma fácil e eficiente"
"MercadoLibre Scraper: Search, Products, Reviews, Q&A, Sellers",Sourabh Kumar,https://apify.com/sourabhbgp/mercadolibre-scraper?fpr=youssef,espana-latam,162,643,5,1,"Scrape MercadoLibre and Mercado Livre in 18 Latin American countries. Paste a keyword or URL and get up to 2,000 search results per query, full product pages with specs and variations, product reviews, buyer Q&A, and seller catalogs. Optional product details on search rows"
Mercadolibre Scraper (español castellano),karamelo,https://apify.com/karamelo/mercadolibre-scraper-espanol-castellano?fpr=youssef,espana-latam,160,1403,5.0,5,El Mercadolibre Scraper es una herramienta de raspado web de última generación que te permite recolectar datos públicos de MercadoLibre de forma fácil y eficiente
eBay Scraper,Automation Lab,https://apify.com/automation-lab/ebay-scraper?fpr=youssef,ebay-etsy,159,991,5,1,"Scrape eBay listings for price monitoring: prices, shipping, condition, seller ratings, bids, sold counts, discounts, and images. Filter by condition, listing type, and price range"
Amazon Product Details Scraper,Zebu Data,https://apify.com/delicious_zebu/amazon-product-details-scraper?fpr=youssef,amazon,159,596,5,27,"Turn ASINs or Amazon product URLs into full product records: price, list price, coupons, Best Sellers Rank, variants, stock, delivery date, sellers and offers, images, specs and review summaries. Choose the Amazon site, currency and delivery ZIP code"
TikTok Shop Product Scraper (Mobile API),Rizla Piker,https://apify.com/cunning_soil/tiktok-shop-product-scraper-mobile-api?fpr=youssef,chinese-marketplaces,151,466,4.3,4,"Extract high-fidelity product data from TikTok Shop using mobile app endpoints. Get prices, stock, and images with zero CAPTCHAs"
Mobile.de Scraper (PPR),3x1t,https://apify.com/3x1t/mobile-de-scraper-ppr?fpr=youssef,other-ecommerce,150,819,4,1,"Effortlessly scrape car data from Germany's largest vehicle marketplace, Mobile.de. Get access to millions of entries of cars, motorbikes, etc. across Europe. Fast, cheap & reliable. PPR version for smaller use cases"
Google Shopping Scraper,Imad,https://apify.com/damilo/google-shopping-apify?fpr=youssef,price-comparison,147,949,4.6,5,"Lightning-fast Google Shopping scraper that captures live product listings straight from Google’s Shopping tab. Extract prices, ratings, sellers, availability, images and more - fully localized by keyword, language, and country with automatic pagination. Ideal for e-commerce price monitoring"
Alibaba Products Scraper,devcake,https://apify.com/devcake/alibaba-products-scraper?fpr=youssef,chinese-marketplaces,143,1009,2.9,3,"Extract wholesale product data, and pricing from Alibaba.com for sourcing and market research. Filter by price range, MOQ, Trade Assurance, Verified suppliers and Alibaba Guaranteed"
Goofish Scraper 闲鱼 Xianyu (Idlefish) - Listings + Sellers,Zen Studio,https://apify.com/zen-studio/goofish-xianyu-search-scraper?fpr=youssef,other-ecommerce,142,604,1,1,"Extract Goofish 闲鱼 (Xianyu/Idlefish) listings by keyword. 150+ output fields per result: price, Zhima credit, specs, images, shipping, category labels, service guarantees, C2C posting metadata, and seller profile details. Up to 1,500 results per keyword. Chinese or English search terms. JSON output"
Tiktok Shop Product Scraper,Delowar Munna,https://apify.com/coregent/tiktok-shop-product-scraper?fpr=youssef,chinese-marketplaces,141,454,5,1,"Extract TikTok Shop products, prices, discounts, sold counts, ratings, variants, seller info, shipping, and review signals from product URLs, keywords, categories, and seller pages"
Google Shopping Scraper,Kevin,https://apify.com/burbn/google-shopping-scraper?fpr=youssef,price-comparison,135,1011,5.0,2,"Scrape Google Shopping products by keyword and extract prices, ratings, reviews, seller/store info, offers, shipping & more. Ideal for price monitoring, competitor research, and e-commerce market analysis"
"Shopify & Ecommerce Store Finder - Emails, Phones & Tech (69M)",Apivault Labs,https://apify.com/apivault_labs/website-leads-database?fpr=youssef,shopify-stores,134,426,5.0,1,"Find Shopify & ecommerce stores at scale: 69M+ sites across Shopify, WooCommerce, Wix, WordPress and more. Verified emails, phones, tech stack and 59 firmographic fields. Filter by platform, country and tech. 1 store = 1 row"
Amazon ASINs Scraper,Junglee,https://apify.com/junglee/amazon-asins-scraper?fpr=youssef,amazon,133,2216,5.0,11,"Gets you product data from Amazon. Unofficial API. Scrapes and downloads product information without using the Amazon API, including reviews, prices, descriptions"
Etsy Scraper,Automation Lab,https://apify.com/automation-lab/etsy-scraper?fpr=youssef,ebay-etsy,124,993,5,2,"Scrape Etsy listings for handmade and vintage marketplace price monitoring. Extract names, prices, shops, ratings, images, and availability from search results"
Scraper by Image - 1688 / Alibaba / AliExpress,devcake,https://apify.com/devcake/scraper-by-image?fpr=youssef,chinese-marketplaces,123,392,,0,"Search products by image across 1688, Alibaba, AliExpress and 3 Chinese marketplaces, with a powerful scraper built for visual sourcing, product discovery, and automated marketplace research"
Apple App Store Reviews API | iOS & macOS JSON,John,https://apify.com/johnvc/apple-app-store-reviews-api?fpr=youssef,reviews,121,493,5,6,"Apple App Store Reviews API. Fetch iOS and macOS app reviews on demand as structured JSON: ratings, titles, text, dates, versions, author, and helpfulness across 50+ country stores. Sort by most recent, most helpful, favorable, or critical. Built for ASO, sentiment, and AI agent workflows"
Tiktok Creative Center Scraper,doliz,https://apify.com/doliz/tiktok-creative-center-scraper?fpr=youssef,ads-and-trends,116,1377,5,1,"Scrape TikTok Creative Center Top Ads and trends in one Actor. Search ads by brand or product keyword, extract ad analytics, keyframes, percentile benchmarks, and recommendations, or collect trending hashtags, hashtag analytics, and trending videos for creative and competitor research"
Amazon Products Scraper,Curious Coder,https://apify.com/curious_coder/amazon-scraper?fpr=youssef,amazon,116,1192,4.7,7,"Scrape amazon products, category pages, search results, amazon best sellers, etc and extract complete details such as description, price, rating, bestsellers ranks, badges, photos etc"
Store Leads (14M E-Commerce Leads),Monster Leads,https://apify.com/ecommerce_leads/store-leads-14m-e-commerce-leads?fpr=youssef,shopify-stores,116,1058,5.0,2,"Store leads for Shopify,Woocommerce,Magento,Squarespace,Ecwid,BigCommerce,Opencart,Webflow,PrestaShop and Demandware with phones,emails,apps,location,social networks,categories and technologies"
mobile.de [] Fast Scraper · Finance · Dealer GPS,Black Falcon Data,https://apify.com/blackfalcondata/mobile-de-scraper?fpr=youssef,reviews,116,307,5,1,"Scrape mobile.de - Germany's largest car marketplace (1.4M+ listings). Get full specs, market price ratings and dealer phone & GPS; filter by make/model or zip radius and track new, price-changed and delisted cars across runs. JSON/CSV export"
Etsy Scraper,Crawler Bros,https://apify.com/crawlerbros/etsy-scraper?fpr=youssef,ebay-etsy,110,803,5.0,2,"Scrape product listings from Etsy search results, categories, shops, and product pages. Extract prices, ratings, reviews, seller info, badges, and product details"
Apple App Store Scraper,Automation Lab,https://apify.com/automation-lab/apple-app-store-scraper?fpr=youssef,reviews,110,652,5,1,"Extract Apple App Store data: app details, ratings, reviews, and search results. Get app name, developer, price, rating, description, screenshots, and 30+ fields. Export to JSON, CSV, or Excel. No API key or login required"
"eBay Scraper - Listings, Prices & 8 Markets",Zebu Data,https://apify.com/delicious_zebu/ebay-product-listing-scraper?fpr=youssef,ebay-etsy,109,985,4.3,27,"Scrape eBay search results, filtered listings and category pages across 8 marketplaces. Build a search from built-in filters - keywords, category, price, condition, seller, location - or paste URLs. Returns title, price, currency, condition, seller rating, shipping, sold count and more"
Vinted Scraper,Epic Scrapers,https://apify.com/epicscrapers/vinted-search-scraper?fpr=youssef,global-marketplaces,106,734,4.8,5,"Monitor and extract product listings, prices, photos & seller data from Vinted search results and catalogs. Fast, reliable API for market research, price monitoring & inventory tracking. AI agent friendly"
Ads Scraper Creative Center,Azzouzana,https://apify.com/azzouzana/tiktok-creative-center-top-ads-scraper?fpr=youssef,ads-and-trends,105,271,5.0,3,"Top Ads Scraper! Extract up to 3K unique ads per run. Spy on competitor ads library. Advanced filters, export CTR, likes, MP4 video URLs & much more for ecom product research & trending hooks. Export JSON/CSV/Excel. AI agents ready & costs pennies! Start now"
"Alibaba, 1688, AliExpress & Global Reverse Image Search API",dev00,https://apify.com/dev00/alibaba-1688-aliexpress-reverse-image-search-api?fpr=youssef,chinese-marketplaces,103,431,,0,"Reverse image search across Alibaba, 1688 & AliExpress. Upload any product photo and get up to 100 matching supplier listings with prices, images, and direct links"
Facebook Ad Library Scraper Pro,Omar Eldeeb,https://apify.com/constructive_calm/facebook-ad-library-pro?fpr=youssef,ads-and-trends,98,442,5,1,"Scrape Facebook Ads Library by keyword, page URL, or advertiser name. Returns full creative + CTA + linkUrl + advertiser identity + active dates. 35% cheaper than the leading alternative. No login required, country dropdown, multi-platform/media filters, resume checkpoints"
"1688 Product Scraper API - Prices, MOQ & Suppliers",WebData Labs,https://apify.com/webdata_labs/1688-scraper?fpr=youssef,chinese-marketplaces,96,274,,0,"Scrape 1688 by keyword, product URL or ID, and supplier shop. Get MOQ price tiers, English titles, supplier data, images, SKUs, and buying signals in API-ready output. No 1688 login required"
"Airbnb Scraper - Listings, Prices & Amenities",Automation Lab,https://apify.com/automation-lab/airbnb-listing?fpr=youssef,reviews,92,1058,5.0,3,"Scrape Airbnb listings by location or search URL. Extract prices, ratings, review counts, coordinates, amenities, host details, photos, and availability context; use search-only mode for fast market scans or full mode for rich listing data"
Instagram Stories Scraper,IntroPix _,https://apify.com/intropix/instagram-stories-scraper?fpr=youssef,other-ecommerce,91,215,5,1,"Scrape Instagram stories with no login, no cookies, no OAuth. Reads age-restricted (18+) accounts that anonymous story viewers and scrapers cannot see: alcohol, vape, and nightlife brands. Fixed 22-field JSON per story.; failed lookups never charged"
Shopify Products Scraper,Trove Vault,https://apify.com/trovevault/shopify-products-scraper?fpr=youssef,shopify-stores,90,688,5,8,"Scrape Shopify products with prices, real inventory counts when public, product and variant IDs, SKUs, barcodes and GTINs, named options, weights, images, SEO, and metafields. Enter store domains with no API keys or category URLs"
ImportYeti Scraper - US Import Records & Supplier Data,Zen Studio,https://apify.com/zen-studio/importyeti-scraper?fpr=youssef,other-ecommerce,89,539,5,2,"Extract supplier profiles, shipment records, and trade data from ImportYeti. Search by company, product, or address. 60+ fields per result: HS codes, shipping lanes, carriers, bills of lading, trading partners, and contact info. No login required"
"Shopify Store Analyzer | Revenue, Traffic & Apps",Apivault Labs,https://apify.com/apivault_labs/shopify-store-analyzer?fpr=youssef,shopify-stores,89,370,5.0,2,"Analyze or discover Shopify stores for competitor research and lead generation. Get revenue and traffic estimates, products, best sellers, apps, contacts, ads, store health, opportunities and change tracking. -15 per 1,000 results by Apify plan"
"AutoScout24 Scraper [] - 930K Cars, 9 Countries",Black Falcon Data,https://apify.com/blackfalcondata/autoscout24-scraper?fpr=youssef,other-ecommerce,89,305,5,2,"platform usage included. Scrape autoscout24.com - Europe's largest used-car market: Germany · Austria · Italy · Spain · France · Belgium · Netherlands · Luxembourg, plus Switzerland via autoscout24.ch. 930K+ listings with full specs and dealer contacts"
Leboncoin Scraper (API) Pro - Annonces & Prix,ClearPath,https://apify.com/clearpath/leboncoin-api?fpr=youssef,global-marketplaces,88,576,5.0,6,"Leboncoin.fr Scraper API: Extract classified ads with prices, locations, seller info, and photos. Filter by category, price range, and area. For market research, price monitoring, and competitive analysis across France"
"MercadoLibre Scraper - Products, Prices & Reviews",Muhamed Didovic,https://apify.com/memo23/mercadolibre-scraper?fpr=youssef,espana-latam,87,298,5,2,"MercadoLibre and Mercado Livre scraper for Mexico, Brazil, Argentina, Colombia, Chile, Uruguay and Peru. Search a keyword, category or product URL. One row per listing with title, price, condition, rating, seller and images. Optional detail and reviews. Handles the bot gate. JSON, CSV or Excel"
Facebook Page Contact Scraper,SASWAVE,https://apify.com/saswave/facebook-company-page-scraper?fpr=youssef,reviews,86,720,5.0,3,"Collect informations at scale about: phone, email, page id, popular hours, openings, name, description, industry category, likes, followers, followings, ratings, website, social network links. Extract data from facebook company contact info page"
Lazada Scraper | All-In-One,Fatih Tahta,https://apify.com/fatihtahta/lazada-scraper?fpr=youssef,global-marketplaces,85,479,5,1,"Scrape product data from all Lazada sites: Thailand, Singapore, Indonesia, Vietnam & Malaysia. This fast, affordable scraper extracts detailed info from any product search. Get the market insights and competitor data you need to stay ahead"
"Allegro.pl Product Scraper - Prices, Sellers, Stock & Specs",Muhamed Didovic,https://apify.com/memo23/allegro-scraper?fpr=youssef,global-marketplaces,84,329,5,3,"Scrape Allegro.pl products by keyword, category, seller or offer URL - pure HTTP, no browser. Each row: price (+ original), seller rating, condition, parameters, images, Smart!/sponsored, offer count & recent-buyer sales-velocity. Deep mode adds rating+reviews, stock, GTIN, warranty. JSON/CSV"
Walmart Product Detail Scraper,E Commerce,https://apify.com/e-commerce/walmart-product-detail-scraper?fpr=youssef,us-retailers,81,893,2.6,9,"Extract full product detail data from Walmart.com product pages, including name, priceInfo, variantList, ratingCounts, sellerName, upc, and returnPolicy. Export data, run via API, schedule and monitor runs, or integrate with other tools"
Glassdoor Reviews Scraper - Most Comprehensive,Kai,https://apify.com/kaix/glassdoor-reviews-scraper?fpr=youssef,reviews,81,285,,0,"~ structured company review data from Glassdoor. Get ratings, pros/cons, employment details, translation data, and employer responses, all in one scrape"
Google Maps Scraper,NanoScrape,https://apify.com/santamaria-automations/google-maps-scraper?fpr=youssef,reviews,80,898,5,3,"Scrape Google Maps for: 30+ fields, reviews, photos, hours, GPS. Enrich every result with 20+ optional add-ons: emails, phones, socials, LinkedIn, SSL, tech stack, SEO, AI contacts, jobs & icebreakers. All merged into ONE row per business. No dataset joins. MCP-ready for AI agents"
Mercado Libre Listings Scraper,FalconScrape,https://apify.com/piotrv1001/mercado-libre-listings-scraper?fpr=youssef,espana-latam,79,355,,0,"The Mercado Libre Listings Scraper extracts product listings across all 18 LATAM Mercado Libre sites, capturing titles, prices, discounts, sellers, shipping, ratings, attributes, and full detail pages - ideal for price monitoring, market research, and catalog enrichment"
Amazon Product Search Scraper,PowerAI,https://apify.com/powerai/amazon-product-search-scraper?fpr=youssef,amazon,78,289,5,2,"Powerful Amazon product search scraper that automatically extracts up to 10,000 products with comprehensive metadata. Includes price filters, sorting options, and detailed product information with automatic rate limit handling"
300K+ Amazon Sellers Email Leads,Miso,https://apify.com/xmiso_scrapers/eu-amazon-sellers-email-leads?fpr=youssef,amazon,77,1072,2.8,20,"Database of scraped sellers from Amazon marketplaces with emails, phone numbers and other valuable data"
Skyscanner Flight Scraper API,deusex machine,https://apify.com/makework36/flight-price-scraper?fpr=youssef,other-ecommerce,76,962,1,1,"Compare flight prices from 7 sources in one API call: Google Flights, Kiwi, Travelpayouts, Ryanair, EasyJet, Wizz Air, Norwegian. Merged, deduplicated feed of the cheapest fares per route and date. HTTP only, no browser, JSON/CSV"
Etsy Keyword Research + Reverse Keyword Tool,Yakugusa Yumitori,https://apify.com/yumitori/etsy-keyword-tool?fpr=youssef,ebay-etsy,76,247,,0,"Find the Etsy keywords actually worth chasing. Every term is scored on real demand (live carts, recent sales), competition and buyer intent, measured from Etsy instead of estimated. Reverse-keyword a competitor's listing or a whole shop to see the searches Etsy ties to them"
Fast Trustpilot Reviews Scraper API | TrustScores & Reviews,Agents,https://apify.com/theagents/trustpilot-reviews?fpr=youssef,reviews,75,605,5,7,"Lightning-fast Trustpilot Reviews Scraper that extracts 100-200 reviews per second at. Features custom mapping, secure processing, and rich data output. Perfect for e-commerce managers, analysts, and researchers seeking customer insights"
Google Lens API | Reverse Image and Visual Product Search,John,https://apify.com/johnvc/google-lens-api?fpr=youssef,other-ecommerce,75,149,5,1,"Google Lens API for reverse image search and visual product search. Upload images from your computer or send base64 from code, no public URL needed, up to 10 per run. Get similar results, product matches with prices, or every page carrying that exact image. Pay per result, MCP ready for AI agents"
Shopify Scraper,Richard Feng,https://apify.com/autofacts/shopify?fpr=youssef,shopify-stores,74,2308,4.2,7,"Scrape any Shopify store: products, variants, collections, prices, images, tags and live stock levels. Crawl a whole catalog, a single collection, one product URL or a keyword search. Optional per-variant inventory counts, subscription plans and videos. Prices in minor units. Pay per result"
Tiktok Shop Creators,Lemur,https://apify.com/lemur/tiktok-shop-creators?fpr=youssef,chinese-marketplaces,74,678,4.2,6,"TikTok Shop Creators - Gain powerful insights into TikTok Shop creators - their performance (GMV, units sold, engagement), audience, and content trends - all in one request"
Google Lens API - Reverse Image Search & Visual Product Matches,SR,https://apify.com/s-r/google-lens?fpr=youssef,other-ecommerce,71,154,,0,"Send image URLs to Google Lens and get every visual match back as JSON: page link, title, source, thumbnail and price text, plus the objects Lens detected in the image. Built for product matching, image source checks and competitor research. You pay only for images with matches"
Etsy Reviews,datawizards,https://apify.com/hello.datawizards/etsy-reviews?fpr=youssef,ebay-etsy,70,491,5,2,Quickly extract detailed customer reviews from Etsy product listings. Perfect for Etsy sellers and analysts!
Sahibinden Search Scraper Pro | Extracts Phone Numbers,ClearPath,https://apify.com/clearpath/sahibinden-scraper-pro?fpr=youssef,other-ecommerce,69,391,4.0,5,"Extract phone numbers, prices, locations, photos, and seller details from Sahibinden listing, category, and search URLs. Get enriched classifieds data from cars, real estate, shopping, and more"
Facebook Marketplace Scraper [] - Descriptions & Photos,Black Falcon Data,https://apify.com/blackfalcondata/facebook-marketplace-scraper?fpr=youssef,global-marketplaces,69,206,,0,"Scrape Facebook Marketplace by keyword, category, location or URL - every listing arrives with its full description, photo gallery and condition, not just the search card. Track new and price-changed items across runs · price & radius filters · no login"
Amazon Product Search Scraper (),Iñigo Garcia Olaizola,https://apify.com/igolaizola/amazon-search?fpr=youssef,amazon,68,370,3,1,"search results for product titles, ASINs, prices, images, and URLs. Export clean Amazon product data to JSON, CSV or Excel for price monitoring, competitor research, ecommerce analysis, product discovery, and marketplace reports"
Facebook Marketplace Scraper,Coder,https://apify.com/calm_builder/facebook-marketplace-scraper?fpr=youssef,global-marketplaces,68,365,5,8,"Scrape Facebook Marketplace listings by keyword, city or link: price, photos, description, location, posting time and vehicle specs. Search wide areas, watch for new listings with monitoring mode, and get only listings that match your filters. No login needed"
Vinted Smart Scraper - Cross-Country Arbitrage Scanner,KazKN,https://apify.com/kazkn/vinted-smart-scraper?fpr=youssef,global-marketplaces,66,990,5,5,"Find profitable Vinted arbitrage across 26 markets, compare buy-low / sell-higher country price gaps, schedule deal alerts, monitor sellers, and export structured data to CSV, API, or webhooks"
Google Shopping Scraper - Product Prices & Merchants,Automation Lab,https://apify.com/automation-lab/google-shopping-scraper?fpr=youssef,price-comparison,66,436,,0,"Compare product prices across merchants on Google Shopping: titles, prices, numeric price, merchants, ratings, delivery info, product URLs, country/language targeting, and exports"
Amazon Search Scraper,Sachin Kumar Yadav,https://apify.com/igview-owner/amazon-search-scraper?fpr=youssef,amazon,64,637,,0,"Scrape Amazon search results by keyword. Get products, prices, ratings, badges, Prime and deals from 20+ marketplaces in clean, ready-to-use data"
AliExpress Listings Scraper,FalconScrape,https://apify.com/piotrv1001/aliexpress-listings-scraper?fpr=youssef,chinese-marketplaces,63,942,5.0,4,"The AliExpress Listings Scraper extracts product data from AliExpress search URLs, capturing images, titles, prices, stock status, and store details - ideal for market research, price tracking, and competitor analysis"
MercadoLibre Scraper 2026,devcake,https://apify.com/devcake/mercadolibre-scraper?fpr=youssef,espana-latam,63,205,5,1,"Extract product data from MercadoLibre search results across Argentina, Mexico, Brazil and other 14 countries. Supports concurrent pages, multiple queries, and detailed product fields"
App Store Scraper () - Apple iOS Data,epctex,https://apify.com/epctex/appstore-scraper?fpr=youssef,reviews,62,1125,5.0,10,"Search the App Store by keyword, or look up apps by App Store ID, bundle ID, or developer ID. First 50 free, then (search) or lookups, 45 fields per app. Reviews -ons. Fits ASO teams, publishers, researchers"
Trendyol Scraper | All-In-One,Fatih Tahta,https://apify.com/fatihtahta/trendyol-scraper?fpr=youssef,global-marketplaces,61,460,5,1,"Extract structured Trendyol product data including prices, ratings, product reviews, Q&A, seller details, and promotion signals. Built for enterprise-grade ecommerce intelligence, catalog enrichment, competitive analysis, and scalable data pipelines"
"OLX Brazil Scraper | Listings, Prices & Seller Data",SolidCode,https://apify.com/solidcode/olx-brazil-scraper?fpr=youssef,global-marketplaces,61,227,5.0,2,"[ ] Scrape OLX Brazil listings at scale. Extract titles, prices, descriptions, photos, seller details, location, and category data from Brazil's largest classifieds marketplace by keyword or URL"
Glassdoor Jobs Scraper - Most Comprehensive,Kai,https://apify.com/kaix/glassdoor-jobs-scraper?fpr=youssef,other-ecommerce,61,214,4.7,3,"~ Glassdoor job listings with title, description, salary, location, and company details"
Trustpilot Reviews API,John,https://apify.com/johnvc/trustpilot-reviews-api?fpr=youssef,reviews,61,67,,0,"Trustpilot business reviews as clean, structured JSON for reputation monitoring. Send company URLs and get review text, star rating, verified status, date of experience, reviewer location, company replies, and the full star breakdown. Pay per review, MCP-ready for Claude and AI agents"
Mercado Livre Scraper,Gio,https://apify.com/gio21/mercado-livre-scraper?fpr=youssef,global-marketplaces,59,370,5,5,"Scrape products from Mercado Livre (mercadolivre.com.br) by keyword. Extract title, price, rating, reviews, seller, shipping, images, and product URL. Pay per result"
"Amazon Seller Contact Scraper - Emails, Phone, VAT & Ratings",Muhamed Didovic,https://apify.com/memo23/amazon-sellers-scraper?fpr=youssef,amazon,59,220,5,2,"Turn any Amazon search, best-seller list or product URL into a lead list of the third-party sellers behind the products - with legal business name, address, VAT number, phone and email (EU impressum), ratings and storefront. 18 marketplaces, pure HTTP. Opt-in email enrichment. JSON/CSV"
Amazon Search Scraper,Amazon Scraper,https://apify.com/amazon-scraper/amazon-search-scraper?fpr=youssef,amazon,58,333,3.3,2,"This Amazon Search Scraper allows you to scrape the products on Amazon. It extracts data from Amazon search pages in structured formats such as JSON, XML, CSV, or Excel"
"Whatnot Scraper - Extract Seller, Search & Category Data",Epic Scrapers,https://apify.com/epicscrapers/whatnot-scraper?fpr=youssef,reviews,58,173,5,4,"Scrape Whatnot.com at scale - search results, seller profiles, reviews, live shows, shop listings, auctions, category leaderboards & more. Fast, reliable and no auth required. Export as JSON, CSV, XML or Excel. Search by keyword or URL, analyze sellers in bulk, or browse and deep-into any category"
Amazon Reviews Scraper,Automation Lab,https://apify.com/automation-lab/amazon-reviews-scraper?fpr=youssef,amazon,57,1021,2.1,3,"Scrape Amazon product reviews for review monitoring - ratings, review text, verified purchase status, helpful votes, and review dates. Pair with Amazon price monitoring"
"Avito.ru Scraper - Listings, Prices, Sellers & 25+ Fields",Abot API,https://apify.com/abotapi/avito-ru-scraper?fpr=youssef,global-marketplaces,56,352,5,1,"Scrape structured listings from Avito.ru by region, category, filters, or direct URL. Automatically paginate through results and extract 25+ fields per listing, including price, full address, metro information, images, posting date, seller type, and verification badges"
Amazon Seller Scraper,Junglee,https://apify.com/junglee/amazon-seller-scraper?fpr=youssef,amazon,55,2023,1.8,7,Amazon scraper to extract seller information. You can scrape either categories or specific products
"Shopify Store Finder - URLs, emails & more",Iñigo Garcia Olaizola,https://apify.com/igolaizola/shopify-store-finder?fpr=youssef,shopify-stores,54,508,5,2,"Shopify Store Finder locates Shopify stores by keyword and returns structured data: ID, title, description, URL, contact emails, earliest page date, and estimated product count range. Perfect for market research, lead generation, and competitor discovery"
Google Hotels Search Scraper,John,https://apify.com/johnvc/google-hotels-search-scraper?fpr=youssef,price-comparison,54,484,5.0,5,"Extract comprehensive hotel data from Google Hotels including prices, ratings, amenities, property details, and images. Supports advanced filtering, vacation rentals, localization, and multi-page pagination. Ideal for market research, price monitoring, and travel applications"
TikTok Search Scraper,paul_44,https://apify.com/paul_44/tiktok-search?fpr=youssef,other-ecommerce,53,331,5,3,"Scrape TikTok videos by keyword. Extract title, views, likes, author, hashtags, play URLs, thumbnails. Supports date range, region, sort order, min views/duration filters, strict keyword matching (Korean NFKC), residential proxy, and session caching"
"FuelPrices | Pay Per Result, Easy to Use, No Cookies",John,https://apify.com/johnvc/fuelprices?fpr=youssef,ads-and-trends,52,220,5,6,"Get live fuel prices, diesel, and gas price data. Pay only for the results you need - no subscriptions, no commitments. Perfect for tracking local fuel costs, building comparison apps, or analyzing price trends. Pay per usage: no setup, no minimums, no subscriptions"
Walmart Scraper,Automation Lab,https://apify.com/automation-lab/walmart-scraper?fpr=youssef,us-retailers,51,297,,0,"Scrape Walmart product data for price monitoring - current/was prices, savings, sale flags, sellers, ratings, reviews, brands, and deal badges from search results"
SHEIN Product Scraper,Magpie,https://apify.com/native_emblem/shein-product-scraper?fpr=youssef,chinese-marketplaces,51,154,5,2,"Search SHEIN by keyword, or fetch any product by URL or goods ID. Clean JSON: price (local + USD), full-res images, colour variants, rating, stock, size-fit. Proxyless, 40+ regions, 100% success in benchmark. Discovery and detail in one actor"
Naver Shopping Reviews Scraper,Zebu Data,https://apify.com/delicious_zebu/naver-shopping-reviews-scraper?fpr=youssef,reviews,50,130,5,8,"Scrape customer reviews from any Naver SmartStore or Brand Store product by URL: star rating, text, date, photos & videos, the option/SKU bought, repurchase & best-review flags, seller replies, and an AI review summary. Sort by ranking/latest/rating; filter by star, media, and more"
Walmart Reviews Scraper,Billy,https://apify.com/web_wanderer/walmart-reviews-scraper?fpr=youssef,us-retailers,49,222,5,1,"Scrape all Walmart Reviews!, from Walmart.com & Walmart.ca. Export to any format"
OfferUp Scraper,Iñigo Garcia Olaizola,https://apify.com/igolaizola/offerup-scraper?fpr=youssef,ads-and-trends,49,160,5,1,"Extract OfferUp marketplace listings by keyword and ZIP code. Get titles, prices, images, locations, seller info, and optional full details. Export JSON/CSV from Apify to track local deals, monitor price trends, and build lead pipelines. Uses US residential proxies"
it Scraper | Italy Real Estate API,Azzouzana,https://apify.com/azzouzana/immobiliare-it-listing-page-scraper-by-search-url?fpr=youssef,reviews,48,691,5.0,10,"#1 Scrape Immobiliare & instantly extract detailed property listings: titles, descriptions, photos, prices, energy ratings, contacts & transit info. Fast, affordable & exports clean data to JSON, CSV, Excel or HTML. Anitbot handled"
AutoScout24 Scraper (PPR),3x1t,https://apify.com/3x1t/autoscout24-scraper-ppr?fpr=youssef,other-ecommerce,48,425,5.0,4,"Effortlessly scrape car data from the largest pan-European online car marketplace, AutoScout24. Get access to millions of entries of cars, motorbikes, etc. across Europe. Fast, cheap & reliable. Pay-per-result version"
Free Google Shopping Scraper - Extract offers from any EAN/SKU,SR,https://apify.com/s-r/free-google-shopping-scraper---extract-offers-from-any-ean-sku?fpr=youssef,price-comparison,47,571,,0,"Grab all offers from all sellers of a Google Shopping EAN/SKU. Whether you're monitoring competitor prices, optimizing your pricing strategy, or tracking market trends, this scraper delivers the insights you need at scale"
Google Play Data Extractor,epctex,https://apify.com/epctex/google-play-scraper?fpr=youssef,reviews,46,1407,5.0,10,"Get valuable info & reviews from Google Play! Access title, price, ratings, download rates, screenshots, released date, version number & developer details for any region or language. Unlimited & lightning-fast extraction. Export data in XML, JSON, CSV, Excel, or HTML formats"
Flipkart Product Scraper,Shahid Irfan,https://apify.com/shahidirfan/Flipkart-Product-Scraper?fpr=youssef,global-marketplaces,46,292,5,4,"Extract detailed product data from Flipkart with ease. Capture essential information including prices, descriptions, images, and customer reviews instantly. Ideal for market research, price monitoring, and e-commerce analysis. Get structured data for your business needs today!"
AliExpress Product Variants Scraper,Nifty,https://apify.com/nifty.codes/aliexpress-product-ariants-scraper?fpr=youssef,chinese-marketplaces,46,290,,0,"Extract product variants including SKU ID, price, stock, and attributes from individual AliExpress product pages. Powered by AliExpress Scraper"
TikTok Shop Data Scraper,devcake,https://apify.com/devcake/tiktok-shop-data-scraper?fpr=youssef,chinese-marketplaces,45,489,5,1,"Extract TikTok Shop product data instantly - prices, reviews, seller info, and categories. The essential TikTok shop scraper for e-commerce sellers and dropshippers"
Naver Map Scraper,OrbitData Labs,https://apify.com/huggable_quote/naver-map-scraper?fpr=youssef,reviews,45,302,5,2,"Scrape places, menus, business hours, reviews and more from Naver Map (map.naver.com). Supports keyword search and direct URL input"
RedNote Xiaohongshu (小红书) Scraper NO COOKIES,Atomus APIs,https://apify.com/atomus/xiaohongshu-scraper?fpr=youssef,ads-and-trends,45,80,5,1,"Turn RedNote (Xiaohongshu / 小红书) into clean JSON: notes, comments, profiles, products, trends and PGY influencer analytics, by keyword or URL. For AI corpora, consumer and brand research, and social listening. No cookies, no login on any mode; rivals need a session cookie. Failed lookups are free"
Autoscout24 Scraper,Gen First,https://apify.com/ivanvs/autoscout-scraper?fpr=youssef,other-ecommerce,44,868,4.9,6,"Extract data from autoscout24.com for data on thousands of car listings. Scrape car listings, extract descriptions, images, prices, mileage, contact number, addresses, names, engine information, the transmission of the car, and all other listing details"
Naver Shopping Product Scraper,Zebu Data,https://apify.com/delicious_zebu/naver-shopping-product-scraper?fpr=youssef,reviews,44,457,5.0,40,"Scrape Naver Shopping search results by keyword: product name, price and discount, seller and brand-store flag, shipping fee, rating, review count, stock and ad flags. Search several keywords at once and choose how many pages to crawl"
"Ozon.ru Scraper - Products, URLs, Keywords, Sellers & Reviews",Abot API,https://apify.com/abotapi/ozon-ru-scraper?fpr=youssef,global-marketplaces,44,181,5,1,"Extract structured product data from Ozon.ru, Russia’s largest marketplace. Search by keyword or use product, category, and seller URLs. Get clean JSON with 40+ fields, including prices, discounts, ratings, specs, variants, images, current seller, buybox sellers, and reviews"
Facebook Marketplace Scraper - No Login Required,Crowd Pull,https://apify.com/crowdpull/facebook-marketplace-scraper?fpr=youssef,global-marketplaces,43,637,,0,"Extract listings from Facebook Marketplace by location. No login or cookies needed. Supports geo-targeted search, category filtering, price range, and keyword search"
"Coupang Scraper - Products, Prices & 20+ Fields",Abot API,https://apify.com/abotapi/coupang-scraper?fpr=youssef,global-marketplaces,43,303,5,1,"Scrape Coupang.com products by keyword, category or URL. Extract 20+ fields including title, brand, price, discount, ratings, reviews, availability, delivery, images, full descriptions, product URLs and image galleries"
Etsy Search Scraper 2026,devcake,https://apify.com/devcake/etsy-search-scraper?fpr=youssef,ebay-etsy,43,226,,0,"Scrape Etsy search results with optional product detail enrichment. Extract listings with prices, ratings, images, and full product details including description, tags, materials, and shipping info"
Mobile.de Scraper,3x1t,https://apify.com/3x1t/mobile-de-scraper?fpr=youssef,other-ecommerce,42,773,5,7,"Effortlessly scrape car data from Germany's largest vehicle marketplace, Mobile.de. Get access to millions of entries of cars, motorbikes, etc. across Europe. Fast, cheap & reliable. Rental version for larger use cases"
Congress Financial Disclosures & Stock Trades,John,https://apify.com/johnvc/us-congress-financial-disclosures-and-stock-trading-data?fpr=youssef,other-ecommerce,42,267,5,5,"This Apify actor provides comprehensive access to US Congressional financial disclosure and stock trading data. Search for transactions by congressional member name, specific report dates, date ranges, or stock ticker symbols. Perfect for journalists, researchers, and transparency advocates"
ReclameAqui Scraper - Brazil Complaints & Company Reputation,Black Falcon Data,https://apify.com/blackfalcondata/reclameaqui-scraper?fpr=youssef,other-ecommerce,42,167,,0,"Scrape ReclameAqui Brazil - full consumer complaint threads with every company reply, not just a reply count. Reputation scores & response rates; company intel by slug, URL or search. Incremental mode tracks new and changed complaints across scheduled runs"
"Google Shopping API | Google Shopping Products, Prices & Deals",John,https://apify.com/johnvc/google-shopping-api-google-shopping-products-prices-deals?fpr=youssef,price-comparison,42,161,5,3,"Scrape Google Shopping results: extract product listings, prices, ratings, sellers, delivery info, and discount tags. Filter by location, price range, sort order, free shipping, and sale items. Supports multi-page scraping. Extract product listings, prices, ratings, sellers, and delivery info"
Alibaba Listings Scraper,FalconScrape,https://apify.com/piotrv1001/alibaba-listings-scraper?fpr=youssef,chinese-marketplaces,41,665,5,3,"The Alibaba Listings Scraper extracts paginated product results from Alibaba based on a search query, capturing product titles, prices, images, URLs, discounts, delivery estimates, ratings, and reviews - ideal for market research and supplier analysis"
1688 Listings Scraper,FalconScrape,https://apify.com/piotrv1001/1688-listings-scraper?fpr=youssef,chinese-marketplaces,41,264,5,1,"Scrape 1688.com (Alibaba's domestic-China B2B marketplace) wholesale products by keyword or offer ID. Filter by price, MOQ and supplier city. Get tiered prices, orders and 30-day sales, supplier rating with service scores, factory inspection, manufacturer vs wholesaler, attributes and images"
"Email Extractor - Website Email, Phone & Social Scraper",Aitor Sanchez-Mansilla,https://apify.com/aitorsm/email-extractor?fpr=youssef,other-ecommerce,41,240,2,1,"Bulk email & phone extractor for a list of websites. Paste URLs or domains, get back deduped emails, phone numbers, and social links per site - homepage plus contact/about pages, junk filtered. For lead lists, CRM enrichment, and outreach"
Eventbrite Search Scraper,Hypebridge,https://apify.com/hypebridge/eventbrite-search?fpr=youssef,other-ecommerce,41,236,5,2,"Scrape Eventbrite search, discovery and details pages"
Amazon Scraper,Automation Lab,https://apify.com/automation-lab/amazon-scraper?fpr=youssef,amazon,40,314,5,1,"Scrape Amazon search results for price monitoring: current/list prices, ratings, reviews, seller info, Prime status, availability, and images across 10 marketplaces. Export to JSON, CSV, Excel"
Vivino data scraper: wine rating and wine reviews,MrBridge,https://apify.com/mrbridge/vivino-wine-data-scraper?fpr=youssef,reviews,40,227,4.9,7,"Extract wine ratings, prices, taste profiles, wine reviews and grape varieties from Vivino, by wine name or by URL. Vivino has no public API, so this scraper returns the same data as JSON, CSV or Excel, with an HTTP-only engine that needs no browser. Run it via API or schedule it. By MrBridge"
TikTok Shop Scraper,Clockworks,https://apify.com/clockworks/tiktok-shop-scraper?fpr=youssef,chinese-marketplaces,40,170,5.0,15,"Extract product data from TikTok Shop by keyword, no official API needed. Scrape descriptions, sale and original prices, stock levels, sales volume, star ratings, seller details, and per-SKU variant data for product research, price monitoring, competitor tracking, or affiliate validation"
"Amazon Product Scraper - Price, Rating, Seller & ASIN Data",Jaybird Technologies,https://apify.com/jaybird/amazon-product-data-scraper?fpr=youssef,amazon,39,574,,0,"Scrape Amazon product pages into clean JSON: price, rating, reviews, availability, seller, images, specs. Pay per result"
Meta Ads Library Scraper (Pay per Event),Eimantas V,https://apify.com/eiv/meta-ads-library-scraper?fpr=youssef,ads-and-trends,39,433,,0,"Scrape Meta Ad Library by keyword or Facebook page URL. Get ad text, CTA, headlines, platforms, languages, targeting, reach data, and delivery dates. Supports all countries, languages, and filters. Works with any Ad Library search URL. Lightning fast, structured JSON output"
Subito.it Universal Scraper,Azzouzana,https://apify.com/azzouzana/subito-scraper-pro-by-search-url?fpr=youssef,other-ecommerce,39,100,5,2,"API to export Italian real estate, used cars, jobs & marketplace listings to CSV/JSON via Search URL. Extract product data, prices, images & seller details across Italy. Built for market analysis, property investors & dealerships needing fast B2B data extraction"
"Vinted Scraper: Search, Items, Prices & Profiles",ScrapeBadger,https://apify.com/scrape.badger/vinted-scraper?fpr=youssef,global-marketplaces,38,162,,0,"Scrape Vinted listings, item details, user profiles, and catalog data across 26 European markets. Filter by brand, price, color, condition. Structured JSON with prices, photos, seller info. For market research, price monitoring, e-commerce"
Twitter (X) Comments Scraper,code craker,https://apify.com/outspoken_strategy/twitter-comments-scraper?fpr=youssef,other-ecommerce,38,126,4.4,2,"Scrape replies (comments) of Twitter/X posts from their URLs - many posts in one run. Returns text, author, favorites, retweets, replies and the source tweet each reply belongs to. Compatible with api-ninja/x-twitter-replies-retweets-scraper"
Etsy Scraper,epctex,https://apify.com/epctex/etsy-scraper?fpr=youssef,ebay-etsy,37,5107,4.2,16,"Scrape valuable data from over 4 million Etsy sellers. Extract product details, descriptions, listed date, images, seller info, and more. Customize your searches and filters to gather the desired information effortlessly"
Naver Product Detail Scraper,Zebu Data,https://apify.com/delicious_zebu/naver-product-detail-scraper?fpr=youssef,reviews,36,87,5.0,4,"Scrape complete product data from any Naver SmartStore or Brand Store URL: price, discount, per-SKU options & stock, images, reviews, delivery, and the full seller business profile (name, registration no, phone, email)"
Idealo Scraper & Price Data API,PricePirate,https://apify.com/pricepirate/idealo-price-data-api?fpr=youssef,price-comparison,36,81,5.0,3,"Real-time Idealo price data across 6 European markets. Look up any product by EAN/GTIN, ID, search term, or URL"
Leboncoin Scraper Ppe,SilentFlow,https://apify.com/silentflow/leboncoin-scraper-ppr?fpr=youssef,global-marketplaces,35,437,5.0,2,"Scrape Leboncoin classified ads with pay-per-result pricing. Extract prices, full descriptions, seller phone numbers and GPS coordinates from France's largest marketplace. Covers real estate, cars, jobs, fashion and electronics. Pay only for ads successfully scraped, residential proxies included"
"Linktree, Beacons & Bio Email Scraper: Extract Leads",Ahmed Jasarevic,https://apify.com/ahmed_jasarevic/linktree-beacons-bio-email-scraper-extract-leads?fpr=youssef,other-ecommerce,35,262,5,3,"Turn Linktree, Beacons and Bio URLs into real Email Leads. Scrape contact info, social handles, and affiliate links from Linktree, Beacons and influencers profiles automatically"
Pinterest Search Scraper,devcake,https://apify.com/devcake/pinterest-search-scraper?fpr=youssef,ads-and-trends,35,243,5,1,"Search Pinterest by keywords and extract pins, comments, shares,saves, profiles,board information,product pins with pricing. 40+ fields for Seo Research, Trend discovery, and Keyword analysis"
Gumtree [AUS-UK-NZ-SA] Search By URL or Keywords,Muhamed Didovic,https://apify.com/memo23/gumtree-cheerio?fpr=youssef,global-marketplaces,35,242,5,9,"extract detailed listings including pricing history, seller info, vehicle specs (VIN, mileage, condition), electronics details, and furniture dimensions. Get rich media (images, videos), location data, and competitor analysis"
Zomato Restaurant Reviews Scraper,EasyApi,https://apify.com/easyapi/zomato-restaurant-reviews-scraper?fpr=youssef,reviews,35,214,5,3,"Scrape restaurant reviews from Zomato.com. Extract detailed review data including ratings, review text, user information, and more. Perfect for restaurant analytics, customer feedback analysis, and market research"
"Sephora Product Scraper - Prices, Stock, Shades & Ratings",Richard Feng,https://apify.com/autofacts/sephora?fpr=youssef,us-retailers,34,452,5,1,"Sephora product data from 29 countries in one run: US, Canada, 9 EU countries, 6 Middle East markets, the UK, India and 10 Asia-Pacific markets. Every variant with price, stock, shade, size, ingredients, rating and review count, in one schema. Paste product or category URLs. Pay per product saved"
Home Depot Product Scraper,Crawler Bros,https://apify.com/crawlerbros/homedepot-scraper?fpr=youssef,us-retailers,34,260,,0,"Scrape product listings from homedepot.com by keyword or direct URL. Returns product ID, title, brand, price, rating, reviews, image, and URL"
"iHerb Scraper: Search, Products, Reviews & Monitor",Sage,https://apify.com/vaunted/iherb-scraper?fpr=youssef,reviews,34,255,,0,"The ultimate iHerb API. Supports 4 modes: Search, Product Details, Reviews, and Real-Time Price Monitoring. Extract ingredients, nutrition, and stock status for 188 countries. No monthly fees - pay only for what you scrape"
"Avito.ru Seller Profile Парсер - Phones, Reviews & Address",Zen Studio,https://apify.com/zen-studio/avito-seller-profile-scraper?fpr=youssef,global-marketplaces,33,201,5,3,"Телефоны продавцов Авито в открытом виде, отзывы, рейтинги, все объявления с ценами, онлайн-статус. Вставьте любую ссылку. | Avito seller profile scraper: plaintext phones, buyer reviews, ratings, active & closed listings. No login needed. Paste seller URL, listing URL, or direct seller ID"
Goofish 闲鱼 Xianyu Detail Scraper (Idlefish) - 150+ Fields,Zen Studio,https://apify.com/zen-studio/goofish-xianyu-item-detail-scraper?fpr=youssef,other-ecommerce,33,113,,0,"Extract Goofish 闲鱼 (Xianyu/Idlefish) item prices, images, descriptions, seller profiles, Zhima credit, stats, specs, categories, and C2C posting metadata from desktop item URLs or raw IDs. JSON/CSV output for enrichment and monitoring"
Etsy Shop Scraper,axly,https://apify.com/axlymxp/etsy-shop-scraper?fpr=youssef,ebay-etsy,32,283,1,1,"Scrape Etsy shop profiles: Star Seller badge, total sales, ratings, location, and product listings. Search by keyword or look up a batch of shops by name in one run. No API key needed"
Google Ads Transparency Scraper - Spy on Competitor Ads,Anas Nadeem,https://apify.com/whoareyouanas/google-ads-transparency-scraper?fpr=youssef,other-ecommerce,32,194,5,1,"Scrape Google's Ad Transparency Center for any advertiser - full ad copy, formats, run dates, landing pages, YouTube creatives - into clean CSV/JSON. Skip the and SEMrush bills. Just type a brand name and auto-finds the advertiser and extracts all ad creatives"
Hepsiburada Scraper | Fast & Reliable,Fatih Tahta,https://apify.com/fatihtahta/hepsiburada-scraper?fpr=youssef,reviews,32,140,5,1,"Fast and reliable Hepsiburada scraper. Scrape comprehensive product listings for any search query, including price, ratings, review counts, and promotions. Ideal for in-depth market research and competitor monitoring"
Eventbrite Events Scraper,Crawler Bros,https://apify.com/crawlerbros/eventbrite-scraper?fpr=youssef,other-ecommerce,32,112,5,1,"Extract events from Eventbrite like title, date, venue, organizer, ticket price, image, tags. Filter by location, category, or keyword. No proxy required"
Lowe's Product Scraper,SIÁN OÜ,https://apify.com/sian.agency/lowes-product-scraper?fpr=youssef,us-retailers,32,103,,0,"Scrape Lowe's products - price, ratings, reviews, images, specs & store availability. Keyword or category search, full detail enrichment, clean JSON/CSV, no code"
Amazon Product Details Scraper,Sachin Kumar Yadav,https://apify.com/igview-owner/amazon-product-data-scraper?fpr=youssef,amazon,31,398,1,1,"Fetch Amazon product details from ASINs or product URLs in one click. Get title, price, rating, images, availability and key product info for multiple marketplaces. Perfect for product research, catalog enrichment, price tracking and analytics"
Home Depot Product and Price Lookup,Maple Rope,https://apify.com/maplerope44/home-depot-product-lookup?fpr=youssef,us-retailers,31,338,5,1,"Look up real-time Home Depot product information by product ID and ZIP code. Returns price, sale and bulk pricing, availability, product details, and a link/image, plus key information about the nearest Home Depot store. Results are returned as structured JSON"
Shein Product Scraper,Shahid Irfan,https://apify.com/shahidirfan/shein-product-scraper?fpr=youssef,chinese-marketplaces,31,301,5,6,"Extract product data from Shein including prices, images, descriptions, sizes, and ratings. Perfect for market research, price comparison, inventory monitoring, and competitive analysis. Get structured data in JSON or CSV format with reliable parsing"
OLX Listings Scraper,FalconScrape,https://apify.com/piotrv1001/olx-listings-scraper?fpr=youssef,global-marketplaces,31,256,,0,"The OLX Listings Scraper extracts product listings from OLX marketplaces across Poland, Bulgaria, Romania, Portugal, and Ukraine, capturing titles, prices, seller details, photos, and location - ideal for price monitoring and second-hand market analysis"
Tokopedia Search Scraper,Shahid Irfan,https://apify.com/shahidirfan/tokopedia-search-scraper?fpr=youssef,global-marketplaces,31,207,5.0,8,"Effortlessly scrape Tokopedia search results. Extract product data, prices, ratings & reviews in bulk. Perfect for market research, price tracking & competitive intelligence on Indonesia's largest e-commerce marketplace"
"Goodreads Books, ISBN & Reviews Scraper API",Inus Grobler,https://apify.com/thescrapelab/Apify-Goodreads-Scraper?fpr=youssef,reviews,31,142,,0,"Scrape Goodreads books, ISBN lookups, reviews, ratings, authors, series, genres, and book metadata from URLs or searches into clean JSON datasets"
"bol.com Scraper - Products, Prices, Offers, Reviews",Abot API,https://apify.com/abotapi/bol-com-scraper?fpr=youssef,global-marketplaces,31,72,5,1,"Scrape bol.com products: title, price, list price and discount, EAN, brand, images, condition, delivery, full specifications, ratings with distribution, individual reviews, every offer with seller name and rating, and refurbished prices. Search by keyword with filters, or paste product URLs"
Allegro Fast Product Scraper,E Commerce,https://apify.com/e-commerce/allegro-fast-product-scraper?fpr=youssef,global-marketplaces,30,656,4.9,5,"Scrape product listings from Allegro category, search, and seller pages across allegro.pl, allegro.cz, and allegro.sk, including title, price, currency, condition, purchases, and sku. Export data, run via API, schedule and monitor runs, or integrate with other tools"
"wallapop Scraper (Spain,Italy,Portugal)",Youssef Farhan,https://apify.com/fayoussef/wallapop-scraper?fpr=youssef,espana-latam,30,157,5,2,"Scrape Wallapop listings at scale across Spain, Italy, and Portugal without writing a single line of code. Paste any Wallapop search URL or item URL, and this actor returns structured data for every listing prices, specs, seller info, images, and engagement metrics"
Copart Public Search Scraper,ParseForge,https://apify.com/parseforge/copart-public-search-scraper?fpr=youssef,other-ecommerce,29,497,5,7,Scrapes vehicle listings from Copart public search URLs and single lot pages. Returns each lot as a flat row with optional VIN enrichment for manufacturer and country of origin
Flipkart Reviews Scraper,Shahid Irfan,https://apify.com/shahidirfan/flipkart-reviews-scraper?fpr=youssef,global-marketplaces,29,215,5,7,"Instantly extract detailed product reviews, ratings, and customer feedback from Flipkart. Perfect for sentiment analysis, market research, and monitoring competitor products. Unlock valuable e-commerce insights and data to power your business growth today!"
Temu Product Scraper,axly,https://apify.com/axlymxp/temu-product-scraper?fpr=youssef,chinese-marketplaces,28,138,,0,"Scrape Temu's live product feed - title, current & original price, discount, image, sales count and product URL - via a reverse-engineered anti-content signer. Product-detail mode enriches any Temu product ID or URL with title, description and category. Pay only for the results you get"
G2 Product Scraper,Omkar Cloud,https://apify.com/omkar-cloud/g2-product-scraper?fpr=youssef,reviews,27,1001,1.4,6,"G2 Scraper - extract G2 product details, ratings & pricing into structured JSON, plus each product's website, emails, phones & social profiles found by AI. Scrape whole categories too. 240,000+ products, no proxies"
Etsy Product Search Scraper,GetDataForMe,https://apify.com/getdataforme/etsy-product-search-scraper?fpr=youssef,ebay-etsy,27,644,5,5,Use this Crawler if you want to look for a specific product name instead of looking for a category. For example I want to buy phone then simply type phone to get the product listings for phones in etsy
Craigslist Scraper (Pay Per Result),Gen First,https://apify.com/ivanvs/craigslist-scraper-pay-per-result?fpr=youssef,global-marketplaces,27,447,5,1,"Extract data from classified advertisements on Craigslist. Scrape details from jobs, housing, items wanted, items for sale, services, community service, gigs, events and resumes listed on Craigslist. Download listings data in JSON, XML, Excel, and other versatile"
Ozon.ru Scraper,Nataniel Santos,https://apify.com/natanielsantos/ozon-scraper?fpr=youssef,global-marketplaces,27,274,5,1,"Easily scrape Ozon's product data. You can use it to extract name, prices, images, description, and more"
Mercari Japan Scraper | Fast & Reliable,Fatih Tahta,https://apify.com/fatihtahta/mercari-japan-scraper?fpr=youssef,global-marketplaces,27,231,5,2,"Scrape product listings from Mercari Japan including prices, sellers, conditions history and timestamps. Perfect for resale research, sourcing, and price tracking. Clean, export-ready data for analytics"
CarGurus Zipcode Search Scraper,E Commerce,https://apify.com/e-commerce/cargurus-zipcode-search-scraper?fpr=youssef,other-ecommerce,27,195,5.0,5,"Scrape car listings from CarGurus.com by ZIP code, radius, and brand, including vin, makeName, modelName, carYear, price, expectedPrice, savingsAmount, dealRating, and mileage. Export data, run via API, schedule and monitor runs, or integrate with other tools"
Flipkart Listings Scraper,FalconScrape,https://apify.com/piotrv1001/flipkart-listings-scraper?fpr=youssef,global-marketplaces,27,172,,0,"The Flipkart Listings Scraper extracts product data from Flipkart by search query, category URL, or product URL - capturing prices, MRPs, discounts, ratings histograms, key specs, images, availability, and warranty - ideal for price monitoring, catalog tracking, and market research"
Autotrader.co.uk [] | Unlimited | Richest output,Muhamed Didovic,https://apify.com/memo23/autotrader-cheerio?fpr=youssef,reviews,27,163,5,10,"extract vehicle data from AutoTrader.co.uk: pricing, specs (make/model/year/mileage), finance quotes with APR/payments, dealer ratings & contact, high-res images, vehicle checks, and CTAs. Ideal for automotive market analysis & lead generation"
Mercadolibre Reviews Scraper,SASWAVE,https://apify.com/saswave/mercadolibre-reviews-scraper?fpr=youssef,espana-latam,27,148,,0,"no proxies needed. A fast and reliable scraper that extracts customer reviews from any MercadoLibre website domain name. Get title, content, rating, date, information about reviews"
"TikTok Shop Scraper - Products, Sales & Sellers",WebDataLabs,https://apify.com/webdatalabs/tiktok-shop-scraper?fpr=youssef,chinese-marketplaces,26,396,1.1,2,"Scrape TikTok Shop by category, product URL or shop (US) and get prices, cumulative units sold, revenue estimates, ratings and images. Product and Shop modes add full seller data; Product mode also returns SKU variants and recent review texts. For dropshippers, sellers and agencies"
eBay Scraper,ParseForge,https://apify.com/parseforge/ebay-scraper?fpr=youssef,ebay-etsy,26,298,1.8,3,"Scrape eBay listings and SOLD prices without a login: search or paste URLs, get sold price and date, bids, condition, shipping, location and more. Active, sold and completed modes, 8 marketplaces, filters and pagination. Pay per result"
Wildberries Products Search Scraper,PowerAI,https://apify.com/powerai/wildberries-products-search-scraper?fpr=youssef,global-marketplaces,26,270,2.4,3,"Scrape products from Wildberries.ru with automatic pagination and comprehensive product data extraction including prices, ratings, reviews, and promotions"
Milanuncios Scraper Real-Time API (2026),Zen Studio,https://apify.com/zen-studio/milanuncios-scraper?fpr=youssef,espana-latam,26,184,,0,"Milanuncios Scraper API - Extract listings from Spain's largest classifieds. Get photos, prices, seller profiles, stats, and shipping info. All categories: Motor, Inmobiliaria, Telefonía, Informática. Automatic pagination and deduplication. JSON/CSV export"
Target Scraper,Automation Lab,https://apify.com/automation-lab/target-scraper?fpr=youssef,us-retailers,26,148,5,2,"Scrape Target.com product data for price monitoring - current/regular prices, sale flags, ratings, reviews, brands, images, and product URLs"
eBay Scraper,Tin,https://apify.com/dtrungtin/ebay-items-scraper?fpr=youssef,ebay-etsy,25,2064,3.0,2,"Unofficial eBay API to extract data from eBay based on keywords or categories. Scrape prices, product descriptions, images, location, availability, brand, and more. Download extracted data in structured format and use it in reports, spreadsheets, databases, and applications"
Shopify Lead Scraper with 1M+ Email Database,Miso,https://apify.com/xmiso_scrapers/shopify-shops-email-leads-scraper?fpr=youssef,shopify-stores,25,1468,4.2,11,scrape shopify powered shops for ecommerce email leads from merchantgenius and own scraped sources
Walmart Reviews Scraper,E Commerce,https://apify.com/e-commerce/walmart-reviews-scraper?fpr=youssef,us-retailers,25,573,5.0,3,"Extract customer reviews from Walmart.com products, including rating, title, text, userNickname, submissionTime, positiveFeedback, and photos. Export data, run via API, schedule and monitor runs, or integrate with other tools"
Shopify Product Scraper,WebDataLabs,https://apify.com/webdatalabs/shopify-product-scraper?fpr=youssef,shopify-stores,25,400,5,2,"Extract full product catalogues from any Shopify store with a public products.json feed: titles, prices, compare-at prices, discounts, price ranges, currency, every variant with SKU, options and in-stock status, images, tags and vendor. Non-Shopify or protected URLs get a clear reason"
Walmart Product Scraper,Billy,https://apify.com/web_wanderer/walmart-product-scraper?fpr=youssef,us-retailers,25,331,4,1,"Extract product details from walmart.com/walmart.ca. Get titles, prices, sku, availability, reviews & more - fast and reliable!"
AliExpress Reviews Scraper,Shahid Irfan,https://apify.com/shahidirfan/AliExpress-Reviews-Scraper?fpr=youssef,chinese-marketplaces,25,136,5,7,"Effortlessly extract detailed customer reviews, star ratings, and feedback images from AliExpress product pages. This actor is perfect for sentiment analysis, dropshipping product research, and monitoring competitor performance. Gather the insights you need to build better e-commerce strategies"
DoorDash Scraper,FlowExtract API,https://apify.com/dz_omar/doordash-scraper?fpr=youssef,reviews,25,87,4,1,"Scrape DoorDash store listings, full menus, featured items, and customer Reviews. Supports location-aware search, multi-URL input, star distribution, delivery fees, pickup ETAs, and optional review extraction with item tagging"
Mercadolibre Product Scraper,SASWAVE,https://apify.com/saswave/mercadolibre-product-scraper?fpr=youssef,espana-latam,24,421,2.7,5,"no proxies needed. Fast and reliable scraper for MercadoLibre product pages and search results. Support all domains. Perfect for competitive analysis, price monitoring, e-commerce intelligence, catalog enrichment, and high-volume data extraction"
Alibaba Supplier Scraper,devcake,https://apify.com/devcake/alibaba-supplier-scraper?fpr=youssef,chinese-marketplaces,24,208,5,1,"Extract detailed Supplier profiles from Alibaba.com for vendor sourcing and supply chain research. Get Gold Supplier tenure,factory size, staff count, annual revenue, response rates, product portfolios, ratings and verification status"
Noon.com Product Scraper,Shahid Irfan,https://apify.com/shahidirfan/Noon-com-Scraper?fpr=youssef,global-marketplaces,24,192,5,7,"Efficiently extract product data from Noon.com, the Middle East's leading e-commerce marketplace. This lightweight actor quickly gathers prices, specifications, and images. For the most stable results and to avoid blocking, the use of residential proxies is strongly recommended"
Temu Scraper,Gio,https://apify.com/gio21/temu-scraper?fpr=youssef,chinese-marketplaces,24,176,5,1,"Scrape Temu products by search keyword. Title, price, rating, reviews, image, shipping info. Pay per product"
MercadoLibre Product and Seller Data Scraper,Khadin Akbar,https://apify.com/khadinakbar/mercadolibre-all-in-one-scraper?fpr=youssef,espana-latam,24,152,,0,"Extract MercadoLibre and Mercado Livre listings across supported Latin American marketplaces. Receive product prices, attributes, sellers, shipping details, reviews, and buyer questions from searches, item IDs, or public URLs"
FLIPPA.com [] Search by Url | Detail Pages · Emails,Muhamed Didovic,https://apify.com/memo23/flippa-scraper?fpr=youssef,other-ecommerce,24,146,4.8,7,"scrape Flippa search & listings. Extract Revenue, Profit, Multiples, Traffic (Views/Uniques) & Seller Verification. Supports SaaS, Apps & Domains"
Trendyol Product Scraper,Shahid Irfan,https://apify.com/shahidirfan/trendyol-product-scraper?fpr=youssef,global-marketplaces,24,136,5,7,"Unlock deep insights from Trendyol, Turkey’s leading e-commerce giant. Instantly extract product details, prices, reviews, and images. Perfect for competitor analysis, price tracking, and retail trend spotting. Get fast, structured data to power your e-commerce strategy"
MercadoLibre Search Scraper,Maxime Dupré,https://apify.com/maximedupre/mercado-libre-search-scraper?fpr=youssef,espana-latam,24,123,,0,"Search Mercado Libre and Mercado Livre by keyword or results URL. Save product prices, sellers, shipping, ratings, images, and search positions in a clean dataset"
Mobile.de Scraper Germany Vehicles Listings API,Azzouzana,https://apify.com/azzouzana/mobile-de-scraper?fpr=youssef,other-ecommerce,24,110,5,4,"de Scraper: Export Germany vehicle listings (Cars, Motorbikes, Motorhomes & Trucks) to CSV/JSON. Track market prices, dealer details & automotive leads across Europe. Features auto-monitoring for new ads & price drops. Built for vehicle buyers, dealerships & exporters"
Facebook Marketplace | Search | Detail Pages | Scraper,Muhamed Didovic,https://apify.com/memo23/facebook-marketplace-cheerio?fpr=youssef,global-marketplaces,23,379,5,5,"Scrape Facebook Marketplace for price tracking, reselling & car-dealer research. Keyword or URL search, no cookies or login. Filter by price, condition & location radius. Cars return make, model, odometer, transmission & VIN. Photos, seller & GPS per listing. JSON or CSV out"
AliExpress Search By Image,Camp8 fr0,https://apify.com/freecamp008/aliexpress-search-by-image-actor?fpr=youssef,chinese-marketplaces,23,325,5,5,"AliExpress Search By Image API lets you find AliExpress products using images instead of keywords. Instantly get matching products, prices, and seller info with powerful image recognition"
Amazon Product Scraper,SASWAVE,https://apify.com/saswave/amazon-product-scraper?fpr=youssef,amazon,23,235,5,2,Amazon scraper collect data from any amazon domain name. Input can be a list of product ASIN or a search url
Reclame Aqui Scraper - Consumer Complaints BR,viralanalyzer,https://apify.com/viralanalyzer/reclameaqui-scraper?fpr=youssef,reviews,23,220,3.8,9,"Extract Reclame Aqui data: company complaints, ratings, response rates"
Amazon Today's Deals Scraper,FalconScrape,https://apify.com/piotrv1001/amazon-todays-deals-scraper?fpr=youssef,amazon,23,213,5,2,"The Amazon Today's Deals Scraper efficiently extracts product listings from Amazon's Today's Deals page, capturing previous and current prices, price changes, titles, images, and product links. Ideal for price tracking, deal monitoring, and e-commerce analysis"
Coupang Listings Scraper,FalconScrape,https://apify.com/piotrv1001/coupang-listings-scraper?fpr=youssef,global-marketplaces,23,136,,0,"The Coupang Listings Scraper extracts product listings from Coupang.com, capturing titles, sale and original prices, discount rates, ratings, review counts, Rocket delivery badges, rank, and ad flags - ideal for price monitoring, market research, and competitive analysis"
"Pinterest Scraper - Pins, Boards, Search, Images & Video",Walid,https://apify.com/dltik/pinterest-scraper?fpr=youssef,other-ecommerce,23,72,5,1,"Scrape Pinterest pins (image + video) by keyword search, board, profile or related pins. Get saves, comments, dominant color, images, video URL, outbound link + domain, affiliate detection and product price/brand. HTTP-only, no login. Optional AI niche & commercial-intent scoring"
Amazon KDP Book Niche Analyzer: Real BSR and Competition Data,GetAScraper,https://apify.com/getascraper/kdp-book-niche-analyzer?fpr=youssef,amazon,23,70,,0,"Research Amazon KDP niches in bulk with real Kindle Store Best Sellers Rank, prices, ratings, book age, and autocomplete suggestions. Compare opportunity scores that only show with enough evidence, export CSV or JSON, and monitor changes on a schedule or via API"
Autoscout24 Scraper - All Domains,Azzouzana,https://apify.com/azzouzana/autoscout24-scraper?fpr=youssef,other-ecommerce,23,65,5.0,2,"domains, NO-CODE tool to extract AutoScout24 data on thousands of car listings: prices, mileage, contacts, attributes, images, and much more! Monitor new listings, price drops, and delisted vehicles. Bring your search URL and you're good to go!"
FlashScore Scraper Live,statanow,https://apify.com/statanow/flashscore-scraper-live?fpr=youssef,other-ecommerce,22,578,5,2,"Scrape FlashScore live scores, fixtures, results, odds, and match events across 16 sports. In historical mode, enrich each match with up to 100 recent games per team, detailed statistics, incidents, and mutual H2H. Export analytics-ready sports data to JSON, CSV, Excel, or the Apify API"
Alibaba Scraper | Enterprise Grade,Fatih Tahta,https://apify.com/fatihtahta/alibaba-scraper?fpr=youssef,chinese-marketplaces,22,181,5,1,"Extract structured Alibaba product and supplier data including pricing, MOQs, certifications, supplier profiles, and performance signals. Built for enterprise-grade sourcing intelligence, supplier discovery, procurement analysis, and automated data pipelines"
Willhaben.at Scraper marktplatz|jobs|immobilien|autos,Azzouzana,https://apify.com/azzouzana/willhaben-scraper?fpr=youssef,other-ecommerce,22,143,5,1,"Schneller & robuster Scraper für willhaben-Suchseiten. Extrahiert Daten aus Marktplatz, Jobs, Immobilien & Autos. Fast & resilient scraper for willhaben search pages. Extracts data from marketplace, jobs, real estate, & cars"
Target Product Scraper,Shahid Irfan,https://apify.com/shahidirfan/target-product-scraper?fpr=youssef,us-retailers,22,70,5,7,"Scrape Target.com product data instantly. Extract prices, reviews, ratings, images & inventory levels. Perfect for price monitoring, competitive analysis & market research. Full product details, zero coding required. Reliable & fast data extraction"
Coupang Reviews Scraper,Zebu Data,https://apify.com/delicious_zebu/coupang-reviews-scraper?fpr=youssef,global-marketplaces,22,43,,0,"Scrape Coupang product reviews at scale: rating, text, photos and videos, buyer survey (size/color fit), helpful votes, verified-buyer and reviewer badges, plus a per-product rating and survey summary. URL or product ID input, with sorting, star and keyword filters"
Aliexpress Product Search,Pinto Studio,https://apify.com/pintostudio/aliexpress-product-search?fpr=youssef,chinese-marketplaces,21,366,5.0,1,"Search for products on Aliexpress based on a query and return product details, including pricing, images, store information, and more"
iFood Restaurant Scraper,Yasmany Grijalba Casanova,https://apify.com/yasmany.casanova/ifood-scraper?fpr=youssef,reviews,21,277,5,3,"Extract the store profile, full menu with prices, and customer reviews for any iFood Brazil restaurant, from its URL. Clean, structured JSON, one row per record"
Fiverr Gigs Scraper 2026,devcake,https://apify.com/devcake/fiverr-gigs-scraper?fpr=youssef,reviews,21,131,5,1,"Scrape Fiverr gigs by keyword or category. Extract seller profiles, pricing, ratings, reviews, and freelancer listings for market research, competitor analysis, and talent sourcing"
Mercado Libre Scraper,Matvey,https://apify.com/lergassy/mercadolibre-reviews-scraper?fpr=youssef,espana-latam,21,42,5,5,"Extract Mercado Libre and Mercado Livre data from all 18 Latin American marketplaces: products, prices, discounts, sellers, official stores, daily deals and buyer reviews with ratings and photos. Export data, run via API, schedule runs, or integrate with other tools or AI workflows"
Amazon Reviews Scraper & Extractor,WebDataLabs,https://apify.com/webdatalabs/amazon-reviews-scraper?fpr=youssef,amazon,20,466,1.2,3,"Extract Amazon customer reviews for sentiment analysis and competitor research. Returns the reviews Amazon publishes on each product page - typically 8-13 per ASIN - with full text, star rating, Verified Purchase badge, author, date and helpful votes. 25 marketplaces. JSON/CSV for n8n, Zapier, Make"
Alibaba Product Scraper,HappiTap,https://apify.com/happitap/alibaba-product-scraper?fpr=youssef,chinese-marketplaces,20,354,,0,"Extract comprehensive product data from Alibaba.com including prices, suppliers, specifications, MOQ, certifications, and more. Perfect for B2B sourcing, market research, and supplier discovery"
"eBay Scraper - Listings, Sold Prices & Sellers (8 markets)",Khadin Akbar,https://apify.com/khadinakbar/ebay-all-in-one-scraper?fpr=youssef,ebay-etsy,20,318,,0,"Scrape eBay active and sold listings, product details and seller info across 8 marketplaces: US, UK, DE, FR, IT, ES, CA and AU. Search by keyword or paste eBay URLs, and get flat JSON with 28 fields per item for resellers, dropshippers and AI agents"
Facebook Marketplace Scraper,Crawler Bros,https://apify.com/crawlerbros/facebook-marketplace-scraper?fpr=youssef,global-marketplaces,20,266,,0,"Extract data from Facebook Marketplace listings. Scrape items for sale, apartments, categories, search results with prices, locations, seller info, and more. Export data in JSON, CSV, or Excel"
Craigslist Search Results Scraper,EasyApi,https://apify.com/easyapi/craigslist-search-results-scraper?fpr=youssef,global-marketplaces,20,142,4,1,"Scrape Craigslist search results for items with detailed information including titles, prices, locations, posting times, and image URLs. Perfect for market research, price monitoring, and inventory tracking"
Lazada Listings Scraper,FalconScrape,https://apify.com/piotrv1001/lazada-listings-scraper?fpr=youssef,global-marketplaces,20,86,,0,"The Lazada Listings Scraper extracts product data from all six SEA storefronts (SG/MY/TH/PH/VN/ID), capturing titles, prices, discounts, sold counts, ratings, reviews, variants, sellers, and images - ideal for price monitoring, catalog research, and competitor intelligence"
"Milanuncios Scraper - Cars, Property & Spain Classifieds",Rastriq - Structured data from the world,https://apify.com/rastriq/milanuncios-scraper?fpr=youssef,espana-latam,20,43,5,2,"Scrape listings from Milanuncios.com (Spain largest classifieds). Supports any category, search queries, price/location filters, and optional detail page enrichment with 77 fields"
"Woolworths AU Scraper - Products, Prices & Reviews",Abot API,https://apify.com/abotapi/woolworths-au-scraper?fpr=youssef,us-retailers,20,37,5,1,"Scrape Woolworths Australia (woolworths.com.au) grocery products and reviews. Search by keyword or paste product / search links. Returns name, brand, price, was price, unit price, pack size, specials, availability, images, category, nutrition, allergens, ingredients, rating and customer reviews"
Amazon product scraper,Goldmine,https://apify.com/logical_scrapers/amazon-product-scraper?fpr=youssef,amazon,19,701,5.0,3,"Fastest and powerful Amazon product scraper tool that extracts detailed product information from Amazon product pages, including title, price, features, images, technical specifications, and ratings. Automate data collection for market research, price comparison and competitive analysis"
Shopify AppStore Scraper,Applora,https://apify.com/applora/shopify-appstore-scraper?fpr=youssef,shopify-stores,19,275,4.1,5,"A powerful Apify Actor designed to extract comprehensive data from the Shopify App Store. This scraper can discover all available apps, collect detailed application information, and extract user reviews from any Shopify app, making it perfect for market research, and competitor analysis"
Scrapeunblocker,Scrapeunblocker,https://apify.com/scrapeunblocker/scrapeunblocker?fpr=youssef,other-ecommerce,19,195,2.9,4,ScrapeUnblocker allows to bypass anti-bot services and scrape the full page source of any given URL within seconds
Leboncoin Universal Scraper,Scrapifier,https://apify.com/scrapifier/leboncoin-universal-scraper?fpr=youssef,global-marketplaces,19,170,2.7,5,"Extract unlimited Leboncoin listings in seconds! Just drop your search URL and instantly get rich, structured data - ready for market insights, real estate deals, pricing intel, or lead generation. Stop copying listings manually - automate it all and stay ahead!"
Webmotors Scraper,RibTools,https://apify.com/ribtools/webmotors-scraper?fpr=youssef,other-ecommerce,19,159,5,1,"Extract vehicle listings from Webmotors.com.br including cars and motorcycles. Get detailed info: prices, specs, photos, seller data. Fast scraping with anti-detection. Perfect for market analysis and inventory tracking"
& Brokers Leads,Azzouzana,https://apify.com/azzouzana/propertyfinder-leads-scraper?fpr=youssef,other-ecommerce,19,144,5,1,"Scrape Propertyfinder ( ae | sa | qa | eg | bh ) agents/brokers search result pages for as to JSON, CSV, or Excel... or API > Get a plethora of information; simply enter the search page URL and get your data! Blazing fast & cheap"
Whop Scraper | Fast & Reliable,Fatih Tahta,https://apify.com/fatihtahta/whop-scraper?fpr=youssef,other-ecommerce,19,134,,0,"Scrape Whop’s marketplace into clean, structured data. Capture listings for digital products, memberships, courses and communities with pricing, company details, metrics, categories and media. Perfect for market research, lead lists and tracking top offers"
Coches.net Scraper [] - Used Cars in Spain,Black Falcon Data,https://apify.com/blackfalcondata/coches-scraper?fpr=youssef,reviews,19,53,,0,Scrape coches.net - Spain's largest vehicle marketplace for cars · vans · motorbikes & classics with price · make/model · seller ratings per listing. Incremental mode tracks new and changed listings across scheduled runs
Amazon Seller Products Scraper,PowerAI,https://apify.com/powerai/amazon-seller-products-scraper?fpr=youssef,amazon,19,44,5,2,"Powerful Amazon seller products scraper that automatically extracts products with comprehensive metadata. Includes detailed product information, pricing, and availability data with automatic rate limit handling"
Blinkit Product Listings Scraper,Krazee,https://apify.com/krazee_kaushik/blinkit-product-results-scraper?fpr=youssef,reviews,18,264,5,1,"Collect Blinkit product data across multiple locations and keywords with real-time delivery ETA. Includes prices, stock status, ratings, merchant info, and images. Ready for analytics, dashboards, and automation. Export to JSON, CSV, or Excel"
Home Depot Clearance Scraper,ScrapySpider,https://apify.com/scrapyspider/home-depot-clearance-scraper?fpr=youssef,us-retailers,18,203,,0,"Scrape all clearance and special buy products from any Home Depot store. Get product names, prices, savings, ratings, images, and availability. Covers 2,000+ clearance categories automatically. Search by store ID or zip code. Fast GraphQL API - no browser needed"
TikTok Shop Affiliate Products,DeepMine,https://apify.com/deepmine/tiktok-shop-affiliate-products?fpr=youssef,chinese-marketplaces,18,201,5,1,"Find TikTok Shop products worth promoting with affiliate opportunity scoring, product demand signals, price bands, ratings, reviews, seller context"
CostCo Fast Product Scraper,E Commerce,https://apify.com/e-commerce/costco-fast-product-scraper?fpr=youssef,us-retailers,18,166,4.6,4,"Scrape product data from Costco.com search, category, and product pages, including name, listPrice, pricePerUnit, currencyCode, rating, reviewsCount, and isInStock. Export data, run via API, schedule and monitor runs, or integrate with other tools"
Etsy Reviews Scraper,EasyApi,https://apify.com/easyapi/etsy-reviews-scraper?fpr=youssef,ebay-etsy,18,152,,0,"Scrape Etsy product reviews effortlessly. Extract detailed review data including ratings, text, reviewer info, dates and more. Perfect for market research and customer feedback analysis"
Amazon Jobs Scraper,PowerAI,https://apify.com/powerai/amazon-jobs-scraper?fpr=youssef,amazon,18,130,5,2,"Scrape job listings from Amazon Jobs by providing a search URL, with automatic pagination and comprehensive job information extraction"
TikTok Shop Product Scraper,Guru Shekhar,https://apify.com/ace_scraper/tiktok-shop-product-scraper?fpr=youssef,chinese-marketplaces,18,106,,0,"Captures the product's historical sales, price, variants details, description, title, attributes, breadcrumb component, shop details, first 3 reviews"
Wallapop Scraper,Iñigo Garcia Olaizola,https://apify.com/igolaizola/wallapop-scraper?fpr=youssef,espana-latam,18,104,,0,"Scrape Wallapop listings by keyword with optional location, sorting, pagination, and full item details. Export structured marketplace data (price, title, images, seller and metadata) to JSON or CSV on Apify for research, monitoring, and lead generation"
Tokopedia Scraper | All-In-One,Fatih Tahta,https://apify.com/fatihtahta/tokopedia-scraper?fpr=youssef,global-marketplaces,18,85,,0,"Get product listings, search results, and merchant pages from Tokopedia, Indonesia’s largest marketplace. Extract titles, prices, discounts, ratings, seller details and more. Ideal for price tracking, assortment planning, seller discovery, and marketplace analytics"
"Gumroad Scraper - Products, Sellers, Reviews & Creator Emails",Muhamed Didovic,https://apify.com/memo23/gumroad-scraper?fpr=youssef,reviews,18,57,5,1,"Gumroad scraper - products by keyword, tag, category, whole seller storefronts or product URLs. Price/rating/type filters, sales counts, rating histograms, written reviews, creator leads with contact emails, monitor mode for new & changed products. Pure HTTP, JSON or CSV out"
Etsy Product & Reviews Scraper,FlowExtract API,https://apify.com/dz_omar/etsy-product-reviews-scraper?fpr=youssef,ebay-etsy,18,41,5,1,"Free for now - Scrape full Etsy product & listing data from any URL pricing, shop, variations, shipping, policies, ratings & media plus optional buyer reviews with rating, media & sort filters. Public data, no login"
Tesco UK & Ireland Scraper,Radeance,https://apify.com/radeance/tesco-scraper?fpr=youssef,us-retailers,17,423,4.5,5,"Extract product details like UPC / GTIN, price, competitor price, category, availability, promotions, nutrition, and images from Tesco UK & IE at scale. Scrape by product or category listing URLs with auto-pagination. Export data as HTML Table, JSON, JSONL, CSV, Excel, XML, or RSS"
Pap.fr Scraper Estate Extractor,Azzouzana,https://apify.com/azzouzana/pap-fr-mass-products-scraper-by-search-url?fpr=youssef,other-ecommerce,17,194,4.1,2,"Scraper PAP.fr: Exportez les annonces immobilières (Vente & Location) en CSV/JSON via URL de recherche. Extrayez prix, photos, DPE, transports et contacts vendeurs en direct en France. Idéal pour l'investissement locatif, les acheteurs et l'extraction de données Seulement 1,2$/1K !"
Shopify App Reviews Scraper,PowerAI,https://apify.com/powerai/shopify-app-reviews-scraper?fpr=youssef,shopify-stores,17,118,,0,"Scrape customer reviews from Shopify App Store by providing a review page URL, with automatic pagination and comprehensive review information extraction"
Luma Event Scraper,Hypebridge,https://apify.com/hypebridge/luma-com-event-scraper?fpr=youssef,other-ecommerce,17,111,1,1,Scrapes event listings and optional full event details from Luma
Airbnb Scraper - Most Comprehensive,Kai,https://apify.com/kaix/airbnb-listing-scraper?fpr=youssef,reviews,17,78,5,1,"~ Airbnb listings by URL, listing ID, or location search. Returns full listing details including description, amenities, host info, location, photos, policies, and ratings. Optionally fetches reviews inline"
Etsy Trending Products Tracker,axly,https://apify.com/axlymxp/etsy-trending-products-tracker?fpr=youssef,ebay-etsy,17,75,,0,"Track which Etsy products are gaining popularity fastest. Monitors keywords across scheduled runs and ranks listings by favorites velocity, plus bestseller and top-rated signals. Built for dropshippers and product researchers hunting the next bestseller. No API key or login required"
Carsales AU Scraper,Azzouzana,https://apify.com/azzouzana/carsales-au-scraper?fpr=youssef,other-ecommerce,17,65,5,2,"Carsales.com.au Scraper: Export Australian car listings to CSV/JSON via Search URL. Bypass the 440-car pagination limit to extract full vehicle data, market prices, specs & dealership auto leads. Built for car buyers & automotive businesses needing fast B2B data extraction. !"
"Coupang Scraper - Products, Prices, Ratings by Keyword",Muhamed Didovic,https://apify.com/memo23/coupang-scraper?fpr=youssef,global-marketplaces,17,55,5.0,2,"Structured Coupang (쿠팡) product data for pricing, research or AI agents. Any Korean or English keyword or search URL returns name, KRW price, discount %, rating, review count, Rocket badge, rank, image and URL. Auto-paginated, Korean residential proxies built in, JSON or CSV"
Olx India Scraper,Nataniel Santos,https://apify.com/natanielsantos/olx-india-scraper?fpr=youssef,global-marketplaces,16,479,,0,"Scrape ads data from olx.in with this powerful tool. You can use it to extract title, price, images, description, and more. Download your data as HTML table, JSON, CSV, Excel, XML, and RSS feed"
"AutoTrader Canada Car Scraper: Prices, VIN, Mileage & Dealers",Youssef Farhan,https://apify.com/fayoussef/autotrader-canada?fpr=youssef,other-ecommerce,16,312,5,3,"Our autotrader.ca scraper makes it simple to collect car listings at scale. It automatically gathers URLs from all available pages and extracts complete details for every listing including price, mileage, year, and more"
Zara Scraper,karamelo,https://apify.com/karamelo/zara-scraper?fpr=youssef,other-ecommerce,16,299,,0,Extract comprehensive product data from Zara's websites with this powerful scraper. Gather detailed information on items across all categories
"Etsy Scraper - Products, Prices, Reviews & Shop Data",Khadin Akbar,https://apify.com/khadinakbar/etsy-all-in-one-scraper?fpr=youssef,ebay-etsy,16,291,,0,"Scrape Etsy product listings, prices, ratings, seller info, Star Seller & Bestseller badges, materials, tags, shop catalogs & customer reviews. MCP/API-ready"
"Amazon Product Scraper - Search Results & Prices, 20 Sites",Zebu Data,https://apify.com/delicious_zebu/amazon-product-data-scraper?fpr=youssef,amazon,16,254,5.0,31,"Scrape Amazon search results by keyword or category URL across 20 Amazon sites: price, list price, coupons, rating, reviews, Best Sellers Rank, variants, sellers and delivery date. Set sort order, currency and delivery ZIP code, and optionally open each product page"
eBay Store Scraper,Zebu Data,https://apify.com/delicious_zebu/ebay-store-scraper?fpr=youssef,ebay-etsy,16,234,4.7,27,"Scrape every product from any eBay seller's store. Returns title, price, images, full Item Specifics, condition, shipping, returns and the complete seller description - 14 fields per product, across 12 eBay country sites. Paste a store URL, no eBay API key needed"
"Loblaws, No Frills, Superstore & Maxi Scraper API - Canada",JChaw,https://apify.com/sunny_eternity/loblaws-grocery-scraper?fpr=youssef,other-ecommerce,16,131,5,2,"Scrape grocery prices from 12 Canadian chains: Loblaws, Real Canadian Superstore, No Frills, Zehrs, Fortinos, Valu-mart, Your Independent Grocer, City Market, Provigo, Maxi, Wholesale Club and Atlantic Superstore. Store-level pricing by postal code. JSON, CSV or Excel"
"Made-in-China 中国制造网 Scraper - Suppliers, Prices & MOQ",ParseForge,https://apify.com/parseforge/made-in-china-scraper?fpr=youssef,chinese-marketplaces,16,120,5,1,"Scrapes product listings from Made-in-China.com by search query or direct URL. Returns each product as a flat row with supplier info, price, and minimum order quantity"
DoorDash Reviews Scraper,E Commerce,https://apify.com/e-commerce/doordash-reviews-scraper?fpr=youssef,reviews,16,100,5,6,"Extract customer reviews from DoorDash store and restaurant pages, including rating, text, date, user, and placeInfo. Export data, run via API, schedule and monitor runs, or integrate with other tools"
"TikTok Shop Scraper API - Products, Reviews, GMV",Raven,https://apify.com/pro100chok/tiktok-shop-scraper?fpr=youssef,chinese-marketplaces,16,94,,0,"Scrape TikTok Shop in 6 markets (US, SG, MY, TH, VN, PH): keyword search, categories, full product details with variants, reviews one-per-row, store analytics with GMV estimates and creator profiles. Local prices and currencies. No login, no API key, no proxy setup. Clean JSON, CSV and Excel export"
Apple App Store | Scrape App Store Search Results & Keywords,John,https://apify.com/johnvc/apple-app-store-search?fpr=youssef,reviews,16,48,5,4,"Scrape Apple App Store search results for any keyword. Extract app titles, ratings, developer info, price, screenshots, genres, version, and bundle ID across 155+ country stores. Built for ASO research, app discovery, competitor tracking, and AI agent workflows. Pay only for the apps you receive"
"MercadoLibre Real Estate Scraper - Rooms, Photos & Coords",Gio,https://apify.com/gio21/mercadolibre-inmuebles-scraper?fpr=youssef,espana-latam,16,39,,0,"Scrape MercadoLibre real estate listings (Argentina, Mexico and more): price, rooms, bedrooms, bathrooms, surfaces, maintenance fee, full photo gallery, exact coordinates and seller. Search URL or direct listing"
"SeatGeek Scraper | Events, Performers, Venues & Listings",kane liu,https://apify.com/lentic_clockss/seatgeek-scraper?fpr=youssef,other-ecommerce,16,23,,0,"Scrape SeatGeek events, performers, venues and full ticket listings with prices, deal scores, sections and rows. Track price drops with webhook alerts. US & Canada, no API key needed"
Trusted Shops Reviews Scraper,Muhamed Didovic,https://apify.com/memo23/trusted-shops-reviews-scraper?fpr=youssef,reviews,16,18,,0,"Scrape Trusted Shops reviews and shop ratings - review text, stars, review and order dates, verified-purchase status and merchant replies, plus certification, star distribution, per-criteria marks and lifetime review totals. Enter a shop domain, any locale profile URL, or a TSID"
Advanced Leboncoin scraper,SASWAVE,https://apify.com/saswave/advanced-leboncoin-scraper?fpr=youssef,global-marketplaces,15,770,5,1,"Leboncoin scraper. Collect product from any search website leboncoin.fr Advanced Web crawler for ecommerce leboncoin. Extract phonenumber from detail pages. For market research, price monitoring, competitive analysis, business intelligence. Efficient data extraction and reduced runtime costs"
Unlimited Trustpilot Reviews Scraper,SASWAVE,https://apify.com/saswave/unlimited-trustpilot-reviews-scraper?fpr=youssef,reviews,15,377,5.0,2,"20 seconds, no proxies. Trustpilot reviews scraper handles requests at scale for faster output return and results. Use trustpilot filters and extract all reviews from a company. Text content, title, rating, publication date, experience date, name, number of reviews from user"
Email Verifier & Validator + CSV Input (ZeroBounce Alt),Mando,https://apify.com/amr-mando/email-verifier?fpr=youssef,other-ecommerce,15,280,5.0,2,Validate your emails with 100% handshake accuracy Bulk CSV & output with original columns without manual matching
Etsy Product Scraper,SASWAVE,https://apify.com/saswave/etsy-product-scraper?fpr=youssef,ebay-etsy,15,251,,0,"Etsy scraper extract product details, descriptions, images, seller info, and more. Start from search url or product direct url"
Amazon Seller Competition Monitoring,SASWAVE,https://apify.com/saswave/amazon-seller-monitoring?fpr=youssef,amazon,15,187,4.4,3,"Amazon seller scraper. Monitor sellers competition on a specific ASIN product number from any amazon domain. Collect data about buy boxe position, pricing, ratings, deliveries, discounts, seller id, seller name"
eBay Listings Scraper,FalconScrape,https://apify.com/piotrv1001/ebay-listings-scraper?fpr=youssef,ebay-etsy,15,142,,0,"The eBay Listings Scraper efficiently extracts product data from multiple search URLs, including titles, images, URLs, pricing, and ratings. It’s ideal for market analysis, competitor tracking, and price monitoring"
Mercari Listings Scraper,FalconScrape,https://apify.com/piotrv1001/mercari-listings-scraper?fpr=youssef,global-marketplaces,15,113,,0,"The Mercari Listings Scraper extracts product listings from Mercari Japan's marketplace, capturing item names, prices, statuses, thumbnails, brands, and seller details. Ideal for resale market analysis, price tracking, and competitor research across Japan's largest C2C marketplace"
TikTok Shop Product Scraper,FalconScrape,https://apify.com/piotrv1001/tiktok-shop-product-scraper?fpr=youssef,chinese-marketplaces,15,112,,0,"The TikTok Shop Product Scraper extracts product pages and seller storefronts across 8 country markets, capturing titles, live prices, discounts, variants, stock, sold counts, ratings, images, and full shop metadata - ideal for resellers, market research, and competitive price tracking"
Vinted MCP Server - AI-Powered Marketplace Data,KazKN,https://apify.com/kazkn/vinted-mcp-server?fpr=youssef,global-marketplaces,15,108,,0,"First Vinted MCP Server. Connect any AI agent to Vinted: search items, compare prices across 19 countries, analyze sellers, track trending. 5 tools via Streamable HTTP. Works with Claude, Cursor, Windsurf. Also on npm: npx vinted-mcp-server"
Swiggy Instamart Scraper,SolidCode,https://apify.com/solidcode/swiggy-scraper?fpr=youssef,reviews,15,49,,0,"[ ] Extract grocery products from Swiggy Instamart. Get name, brand, quantity, price, MRP, discount, per-unit price, rating, stock, category, description, and image. Search by keyword or paste category page URLs, and pick the city that sets local availability and pricing"
"Depop Scraper - Listings, Shops, Sellers & Reviews",Abot API,https://apify.com/abotapi/depop-scraper?fpr=youssef,global-marketplaces,15,45,5,1,"Scrape Depop search results, listings, shops, and reviews to JSON, CSV, or Excel. Extract titles, prices, shipping, brands, conditions, colours, sizes, photos, descriptions, and seller profiles"
Etsy Keyword Research Tool,axly,https://apify.com/axlymxp/etsy-keyword-research-tool?fpr=youssef,ebay-etsy,15,45,,0,"Discover the keywords real buyers type on Etsy. Expand seed terms into Etsy autosuggest keywords, each enriched with competing-listing counts and live price ranges. Perfect for Etsy SEO, listing optimization, and niche research. No API key or login required"
"Amazon Reviews Scraper - Ratings, Text, Verified Purchases",Thirdwatch,https://apify.com/thirdwatch/amazon-reviews-scraper?fpr=youssef,amazon,15,43,,0,"Scrape written Amazon product reviews by ASIN or URL. Get ratings, titles, text, authors, dates, verified-purchase and Vine labels, helpful votes, images, media, and review links. Best coverage on Amazon US"
"Booking.com Scraper - Hotels, Reviews, Prices & Availability",Factden,https://apify.com/factden/booking-com-scraper?fpr=youssef,reviews,15,36,5,4,"Scrape Booking.com hotels for any destination or hotel: guest reviews (incl. rating-only), live prices, room rates, availability and occupancy, plus a forward availability calendar. Search a city or country, or paste hotel links. Structured JSON/CSV, no code, no login"
Walmart Data Extractor,epctex,https://apify.com/epctex/walmart-scraper?fpr=youssef,us-retailers,14,1202,2.4,9,"Access a vast array of product data from Walmart with our Walmart Scraper. Extract images, brand details, prices, variations, and more. Customize your search with filters, categories, and lists to gather the information you need"
EBAY: Search | Sold Prices |Store | Seller Pages (8 Markets),Muhamed Didovic,https://apify.com/memo23/apify-ebay-search-cheerio?fpr=youssef,ebay-etsy,14,294,5,7,"Unofficial eBay API to extract data from eBay search results and product details with our eBay Search Results and Listing Details Scraper. Perfect for market research, price tracking, and detailed product analysis - get all the information you need, in one go"
TCGplayer Data Scraper,devcake,https://apify.com/devcake/tcgplayer-data-scraper?fpr=youssef,other-ecommerce,14,250,,0,"Scrape TCGPlayer prices in seconds. Get real-time market data, seller listings, No API key required. Export as JSON, CSV, or Excel"
1688.com Supplier Scraper,devcake,https://apify.com/devcake/1688-com-supplier-scraper?fpr=youssef,chinese-marketplaces,14,161,,0,"Fast 1688.com supplier scraper. Get verified factory profiles, quality scores, and product offers. Source directly from gold-certified manufacturers for E-commerce"
"Talabat Scraper - Restaurant Menus, Prices & Delivery Fees",Thirdwatch,https://apify.com/thirdwatch/talabat-scraper?fpr=youssef,reviews,14,138,5.0,2,"Scrape restaurant data from Talabat.com - names, ratings, cuisines, locations, payment methods, and popular items across 9 Middle Eastern countries"
Zepto Product Scraper,Shahid Irfan,https://apify.com/shahidirfan/zepto-product-scraper?fpr=youssef,other-ecommerce,14,135,5.0,5,"Extract real-time product data from Zepto's quick commerce platform. Scrape prices, availability, product details & inventory for competitive analysis, dynamic pricing & market research. Automate grocery e-commerce workflows with precision"
Judge.me Store Scraper,SASWAVE,https://apify.com/saswave/judge-me-store-scraper?fpr=youssef,reviews,14,132,,0,"Advanced Judme.me scraper. Collect company informations, reviews at scale. Reviews have a limit of 10 000 per store"
Amazon Reviews Scraper,agi,https://apify.com/laisidata/amazon-reviews-scraper?fpr=youssef,amazon,14,121,5,2,"Real-time Amazon product reviews for any ASIN and marketplace, with rich filters and structured output for monitoring and analytics"
Cars.com Scraper with Contacts,Fatih Tahta,https://apify.com/fatihtahta/cars-com-scraper?fpr=youssef,other-ecommerce,14,115,,0,"Extract structured US vehicle listings from Cars.com with pricing, vehicle attributes, dealer contacts, media, and more. Built for enterprise-grade automotive intelligence, inventory monitoring, pricing analysis and automated data pipelines"
OLX Scraper - Listings Across 9 Countries,Abot API,https://apify.com/abotapi/olx-scraper?fpr=youssef,global-marketplaces,14,82,,0,"Fast OLX scraper across 9 countries, including Poland, Romania, Portugal, Ukraine, Bulgaria, Kazakhstan, Uzbekistan, India and Brazil. Search or paste OLX URLs to extract structured listing data with pagination and multi-market support"
Steam Game Reviews Scraper,Automation Lab,https://apify.com/automation-lab/steam-game-reviews-scraper?fpr=youssef,reviews,14,82,5,2,"Extract Steam game reviews - text, rating, playtime, language, helpfulness votes, and reviewer info. Supports multiple games with pagination. No login needed"
TikTok Shop Reviews Scraper,LurkAPI,https://apify.com/lurkapi/tiktok-shop-reviews-scraper?fpr=youssef,chinese-marketplaces,14,72,,0,"Scrape TikTok Shop product reviews by product URL, product ID, or shop URL. Returns review text, rating, date, author, photos, and product context per row"
Agoda Reviews Scraper,OrbitData Labs,https://apify.com/huggable_quote/agoda-reviews-scraper?fpr=youssef,reviews,14,68,,0,"Scrape hotel reviews from Agoda.com with original/translated text separation, date filtering, language filtering, and rating filtering. Extract ratings, review texts, room types, stay duration, reviewer details, and owner responses"
PriceCharting Product Scraper,Elena Vance,https://apify.com/incognito_mode/pricecharting-product-scraper?fpr=youssef,price-comparison,14,61,5,1,"Scrape PriceCharting prices for video games, Pokemon and other TCG cards, comics and coins: every grade (PSA, BGS, CGC, SGC, TAG, ACE), full price history, recent sold listings, POP report and 1600px images. Clean JSON/CSV by product URL or ID. Failed lookups are never billed"
Amazon Reviews Scraper - No-Login Depth + AI Summary,Muhamed Didovic,https://apify.com/memo23/amazon-reviews-scraper?fpr=youssef,amazon,14,58,,0,"Extract Amazon product reviews with the deepest no-login coverage available: reviews aggregated across 18 marketplaces, ratings histogram, and Amazon's 'Customers say' AI summary with aspect sentiment. Optional cookie mode unlocks full pagination (100s of reviews per product). JSON/CSV"
"eBay Sold Listings Scraper - Sold Prices, Dates & Specifics",Black Falcon Data,https://apify.com/blackfalcondata/ebay-sold-listings-scraper?fpr=youssef,ebay-etsy,14,45,,0,Scrape ebay.com completed and sold listings - the final sold price and sold date that vanish from search once a listing ends. Condition & item specifics like brand/model/MPN/EAN · seller identity & feedback. Incremental mode tracks new and changed listings across runs
MercadoLibre Review Scraper,Sourabh Kumar,https://apify.com/sourabhbgp/mercadolibre-review-scraper?fpr=youssef,espana-latam,14,36,,0,"Pull MercadoLibre product reviews (reseñas y opiniones) across all nine Latin-American marketplaces - Mexico, Brazil, Argentina, Chile, Colombia, Peru, Uruguay, Ecuador, Dominican Republic. One row per review with rating, title, text, date, helpful votes, and reviewer photos"
Google Shopping Insights,epctex,https://apify.com/epctex/google-shopping-scraper?fpr=youssef,price-comparison,13,2315,4.9,9,"Unlock valuable insights from Google Shopping with our Data Extractor. Get reviews, descriptions, prices, merchant details, and affiliation links. Export data in JSON, XML, CSV, Excel, and HTML formats with no limits!"
Gumroad Scraper,Muhammet Akkurt,https://apify.com/muhammetakkurtt/gumroad-scraper?fpr=youssef,reviews,13,602,5,2,"Powerful Gumroad product scraper that extracts digital products, courses, and assets with advanced filtering options. Search by category, price range, rating, and file type. Supports unlimited product collection with structured data output including seller details, ratings, and pricing information"
"Price scraper - Extract prices, availability from any url/EAN",SR,https://apify.com/s-r/price-scraper---extract-prices-availability-from-any-url?fpr=youssef,price-comparison,13,294,,0,"Cheapest advanced price scraping tool for PDP URLs (works with any site!)/EAN. Extract real-time product prices, even from those that are blocked! Automated web scraper for monitoring webshop prices across multiple URLs. Perfect for price comparison, competitor analysis & dynamic pricing strategies"
Etsy Scraper,Shahid Irfan,https://apify.com/shahidirfan/Etsy-Scraper?fpr=youssef,ebay-etsy,13,216,5.0,4,"Extract product data efficiently from Etsy's massive handmade and vintage marketplace. Scraping full detail pages can be slow. For the fastest results and high-volume data collection, we strongly recommend scraping listings only to bypass deep page loads. Perfect for trend and price monitoring!"
Woolworths Product Scraper,EasyApi,https://apify.com/easyapi/woolworths-product-scraper?fpr=youssef,us-retailers,13,164,4.8,4,"Extract detailed product data from Woolworths Australia's online store. Get comprehensive information including prices, nutrition facts, allergens, and more. Perfect for price monitoring, market research, and e-commerce analytics"
Rental Cars Price Scraper,Malikgen,https://apify.com/malikgen/rental-cars-price-scraper?fpr=youssef,other-ecommerce,13,147,5,1,"Compare rental car prices worldwide. Scrapes Booking.com Cars (Budget, Hertz, Avis, Sixt, Europcar, Enterprise & more) and Sunnycars all-inclusive rates for ANY city - just type a location. Live prices, vehicle specs, suppliers, mileage & insurance, in one normalized schema. JSON/CSV/API, n8n-ready"
Just Eat Restaurant Scraper,EasyApi,https://apify.com/easyapi/just-eat-restaurant-scraper?fpr=youssef,reviews,13,143,4.4,2,"Powerful Just Eat restaurant scraper that extracts comprehensive data including restaurant details, ratings, delivery info, and deals. Perfect for market research, food delivery analysis, and competitor monitoring. Supports custom search URLs and proxy configuration"
Poshmark Sold Listings Scraper,Caffein Dev,https://apify.com/caffein.dev/poshmark-sold-listings?fpr=youssef,global-marketplaces,13,115,5,2,"Scrape real Poshmark sold listings before you list or buy. Filter by keyword, brand, department, and price range. Returns confirmed sales with final price, sold date, days-to-sell, and seller stats - the sold comps data Poshmark doesn't expose anywhere else"
BizBuySell Scraper,Crawler Bros,https://apify.com/crawlerbros/bizbuysell-scraper?fpr=youssef,other-ecommerce,13,109,,0,"Scrape business-for-sale listings from BizBuySell.com. Extract asking price, cash flow, gross revenue, location, and description from search results and category pages"
Apify Google Maps Scraper,Max Dave,https://apify.com/pimperp/apify-google-maps-scraper?fpr=youssef,reviews,13,107,5.0,2,"Extract data from thousands of locations: get reviews, pricing, photos, and B2B contact info (names, emails, titles). Automate your workflow by scheduling recurring runs, monitoring performance, and integrating directly via our API"
"MercadoLibre Scraper - Best Sellers, Prices & Products",Scrapers Lat,https://apify.com/scrapers_lat/mercadolibre-scraper?fpr=youssef,espana-latam,13,96,5,2,"Scrape MercadoLibre: best-seller rankings by category with rank, price, rating and units sold, plus full product detail (attributes, variations, stock, seller reputation, reviews, images). Export JSON, CSV, Excel"
"MercadoLibre Scraper - Products, Prices & Sellers",Vitalii Bondarev,https://apify.com/bovi/mercadolibre-scraper?fpr=youssef,espana-latam,13,67,1,1,"Scrape MercadoLibre product listings across all Latin-American sites (MLA Argentina, MLB Brazil, MLM Mexico, MLC Chile, MCO Colombia & more). Returns title, price, original price, currency, condition, seller, free shipping, category, attributes, location, permalink & images per item. No API key"
"Google Shopping Scraper - Prices, Sellers & Deals",Khadin Akbar,https://apify.com/khadinakbar/google-shopping-scraper?fpr=youssef,price-comparison,13,59,,0,"Scrape Google Shopping product titles, prices, sellers, ratings, discounts and shipping costs across 28 countries, with multi-keyword input. Works with Apify MCP and the API"
Goldin Auctions Scraper - Sports Cards & Collectibles,BowTiedRaccoon,https://apify.com/jungle_synthesizer/goldin-auctions-marketplace-scraper?fpr=youssef,ebay-etsy,13,54,,0,"Scrape Goldin Auctions (eBay-owned) for marketplace listings and past-auction results. Captures weekly / premium / elite auction tiers with PSA / BGS / SGC / CGC grade normalization, final-sale prices, buyer's-premium %, bid counts, and reserve-met detection"
Mercado Libre Scraper,Trudax,https://apify.com/trudax/mercadolibre-scraper?fpr=youssef,espana-latam,12,778,2.9,2,"MercadoLibre Scraper enables you to extract data about products, sellers, and listings present on this marketplace"
Sitemap URL Extractor,One Scales,https://apify.com/onescales/sitemap-url-extractor?fpr=youssef,other-ecommerce,12,645,5,3,Provide a website link to a sitemap.xml and the app will extract and list all URLs in the sitemap as well as additional data in the sitemap (i.e. https://onescales.com/sitemap.xml)
Farfetch Scraper,Richard Feng,https://apify.com/autofacts/farfetch?fpr=youssef,global-marketplaces,12,299,5,1,"Scrape Farfetch luxury fashion: current and sale prices, designer, sizes, colours, stock status, images and every variant. Works on category, brand and product URLs, in the locale and currency of the URL you pass. Optional size-and-fit detail and recommended products. Pay per product saved"
Etsy Scraper Pro - Sale Prices & Discount Depth,WebDataLabs,https://apify.com/webdatalabs/etsy-scraper-pro?fpr=youssef,ebay-etsy,12,229,3.8,4,"Scrape Etsy search, category and market pages and get the struck-through original price on every discounted listing, so you can compute real markdown depth per item. Ratings, review counts and prices come back null when Etsy did not publish them, never a fake 0. Up to 250 per run, no proxy setup"
Lowes Product Lookup,Maple Rope,https://apify.com/maplerope44/lowes-product-lookup?fpr=youssef,us-retailers,12,197,,0,"Quickly look up Lowes product prices and availability by entering a product ID and zip code. Get real-time stock and pricing details from nearby stores, making it easy to compare locations and plan your purchase efficiently"
Craigslist Scraper | Fast & Reliable,Fatih Tahta,https://apify.com/fatihtahta/craigslist-scraper?fpr=youssef,global-marketplaces,12,166,5,1,"Scrape Craigslist listings with emails included. Capture titles, prices, descriptions, images, categories and location data in clean JSON/CSV. Great for lead gen, local market research, price tracking and monitoring fresh posts"
Coles Product Search Scraper,Stealth mode,https://apify.com/stealth_mode/coles-product-search-scraper?fpr=youssef,us-retailers,12,124,,0,"Scrape product data from Coles.com.au search results, Australia's leading supermarket chain. Extract pricing, availability, brand information, images, and product details for market research, price monitoring, and competitive analysis across thousands of grocery items"
Wine-Searcher scraper from list: wine and spirits,MrBridge,https://apify.com/mrbridge/wine-searcher-scraper-from-list?fpr=youssef,other-ecommerce,12,120,5,1,"Extract popularity, critic scores, cheapest prices and merchant info from Wine-Searcher.com, for wines and spirits alike: bourbon, tequila, cognac and whisky all work. Input names, URLs or LWIN codes and get structured JSON back. Billing is success-only, errors are free. By MrBridge (mr-bridge.com)"
Subito.it Automotive Scraper,Emiliano Mastragostino,https://apify.com/emastra/subito-it-motori?fpr=youssef,other-ecommerce,12,117,5,1,"Subito.it Automotive Scraper extracts detailed data from Italy’s top marketplace for used cars, bikes, and vans. Scrape listings or individual ads with ease, using filtered search URLs or direct links. Ideal for market analysis, price tracking, and competitor benchmarking"
Trendyol Reviews Scraper,Shahid Irfan,https://apify.com/shahidirfan/Trendyol-Reviews-Scraper?fpr=youssef,global-marketplaces,12,92,5,6,"Unlock detailed product reviews and ratings from Turkey's leading e-commerce platform. Perfect for sentiment analysis, market research, and monitoring competitor feedback. Turn customer voice into actionable data to boost your sales and product strategy instantly"
Leboncoin Ad Details Scraper,SilentFlow,https://apify.com/silentflow/leboncoin-details-scraper-ppr?fpr=youssef,global-marketplaces,12,68,,0,"Extract full details from any Leboncoin ad URL with pay-per-result pricing. Get full descriptions, prices, seller profiles, GPS coordinates, high-res photos and category-specific attributes. Returns 30+ structured fields per ad. Pay only for results delivered, residential proxies included"
1688 Products Wholesale Scraper - Full Supplier Details,ParseBird,https://apify.com/parsebird/1688-wholesale-scraper?fpr=youssef,chinese-marketplaces,12,35,5,1,"Scrape 1688 wholesale products, supplier details, tiered prices, MOQ, SKUs, shipping, certifications, dropship signals, and images. Export JSON, CSV, Excel"
Food Delivery Scraper,E Commerce,https://apify.com/e-commerce/food-delivery-scraper?fpr=youssef,reviews,12,34,5,3,"Scrape restaurant listings, full menus with prices, and customer reviews from food delivery sites - Uber Eats, DoorDash, Deliveroo, Just Eat, Grubhub, Wolt, Glovo, Foodpanda, Zomato, SkipTheDishes, Thuisbezorgd, Lieferando, Takeaway.com and more - by URL, keyword, or delivery address"
"Coles AU Scraper - Groceries, Prices & Reviews",Abot API,https://apify.com/abotapi/coles-au-scraper?fpr=youssef,us-retailers,12,30,5,1,"Scrape Coles.com.au grocery products and customer reviews. Search by keyword, browse categories, or use product/search URLs. Returns name, brand, price, was price, unit price, size, specials, availability, aisle/category, nutrition, allergens, ingredients, ratings, and reviews"
Walmart Reviews Scraper,Shahid Irfan,https://apify.com/shahidirfan/Walmart-Reviews-Scraper?fpr=youssef,us-retailers,12,27,5.0,5,"Extract Walmart product reviews at scale. Scrape ratings, text, verified badges, and reviewer details. Perfect for competitive analysis, sentiment tracking, and market research. Fast, reliable, Walmart-compliant data collection"
"Wallapop [] - Listings, Cars & Sellers",Black Falcon Data,https://apify.com/blackfalcondata/wallapop-scraper?fpr=youssef,espana-latam,12,24,,0,Scrape wallapop.com - listings with clean English fields · prices · images · location & seller details · cars mode with make/model/year/fuel specs & geo-radius search. Incremental mode tracks new and changed listings across scheduled runs
Storeleads Scraper,SASWAVE,https://apify.com/saswave/storeleads-scraper?fpr=youssef,reviews,11,708,5.0,4,"Storeleads scraper. Extract companies results from a search url. Get data about social network, name, monthly sales, visits, location, product sold, employees, technologies, trustpilot reviews, follower number, keywords, description and more"
Facebook Marketplace Scraper,DataVoyantLab,https://apify.com/datavoyantlab/Facebook-marketplace-scraper?fpr=youssef,global-marketplaces,11,633,1.4,5,"Extract data from Facebook Marketplace listings and export to CSV, JSON, or use through a powerful API"
"Yelp Scraper - Business Leads, Phones & Websites",Zebu Data,https://apify.com/delicious_zebu/yelp-advanced-business-scraper-pay-per-result?fpr=youssef,reviews,11,570,5.0,28,"Scrape Yelp business data & leads at scale - names, ratings, reviews, contact info, hours, amenities, popular dishes, health scores, Q&A & more. Works for restaurants, services & any Yelp category. Pay per result, no subscription. Great for lead generation, market research & apps"
AliExpress Scraper,Goldmine,https://apify.com/logical_scrapers/aliexpress-scraper?fpr=youssef,chinese-marketplaces,11,472,5.0,6,"AliExpress product scraper for search, category and product pages: price, discount, rating and sales count, plus variants with per-SKU price and stock, shipping options, store and specifications. Choose the currency and ship-to country"
Midjourney Bot,ImageAI Bot,https://apify.com/imageaibot/midjourney-bot?fpr=youssef,other-ecommerce,11,278,5,2,"This Actor integrates Discord Midjourney-related APIs, including text-to-image, image operations (such as upscaling or extending an already generated image), image blending, image-to-text, task query, and more.website: [Midjourney中国官网](https://mj.bandeyu.com)"
Website Speed Checker,One Scales,https://apify.com/onescales/website-speed-checker?fpr=youssef,other-ecommerce,11,218,5,7,"Easily get Website Speed Data with Google Lighthouse performance metrics & Core Web Vitals Tool (Performance Score, FCP, LCP, TBT, CLS, Speed Index) from any webpage/URL, whether you're analyzing or testing a single URL or thousands in bulk. Run scraper in seconds for one time, on schedule, or API"
IAAI Vehicle Detail Scraper,EasyApi,https://apify.com/easyapi/iaai-vehicle-detail-scraper?fpr=youssef,other-ecommerce,11,187,,0,"Scrape detailed vehicle information and high-resolution images from IAAI (Insurance Auto Auctions) vehicle listings. Get comprehensive data including vehicle specs, damage details, auction info, and HD photos"
Amazon Price History API,Radeance,https://apify.com/radeance/amazon-price-history-api?fpr=youssef,amazon,11,180,5,3,"Access Amazon product and price history data, including current price, buy box, prime exclusive price, list price, offer count, ratings, reviews, sellers, variants, and images. Supports ASINs and product URLs across global marketplaces. Export as JSON, CSV, Excel, and more"
UberEats Reviews Scraper,E Commerce,https://apify.com/e-commerce/ubereats-reviews-scraper?fpr=youssef,reviews,11,167,5.0,5,"Extract customer reviews from Uber Eats restaurant pages, including authorName, date, text, and placeInfo (name, rating, numberOfReviews, address). Export data, run via API, schedule and monitor runs, or integrate with other tools"
Sports Odds Movement and Arbitrage Tracker,Ken M,https://apify.com/scrapemint/sports-odds-movement-tracker?fpr=youssef,other-ecommerce,11,160,5,2,"Track sports betting line movement: every price that moved since your last run, with the prior line, new line and the delta in implied probability points. Moneyline, spread and total for MLB, NFL, NBA, NHL and college. Reads a sportsbook's public feed, so no API key needed"
Bring a Trailer Auctions Scraper,ParseForge,https://apify.com/parseforge/bringatrailer-auctions-scraper?fpr=youssef,other-ecommerce,11,147,4.0,5,"Scrape Bring a Trailer auction listings from any page. Get titles, bids, time left, and descriptions. Export to CSV, JSON, Excel, or XML"
Blinkit Price Scraper,Shahid Irfan,https://apify.com/shahidirfan/Blinkit-Price-Scraper?fpr=youssef,ads-and-trends,11,114,5,4,Instantly extract real-time product pricing and inventory data from Blinkit. Perfect for competitive intelligence and monitoring grocery trends in India's quick-commerce market. Built for speed and accuracy. Residential proxies recommended for seamless access
Woolworths Product Search Scraper,Stealth mode,https://apify.com/stealth_mode/woolworths-product-search-scraper?fpr=youssef,us-retailers,11,97,,0,"Efficiently scrape product listings from Woolworths.com.au, Australia's largest supermarket chain. Extract product names, pricing, availability, and specifications from search results. Essential for price monitoring, competitive analysis, and market research in Australian retail grocery sector"
Heureka Product Scraper,Tomáš Gregorovič,https://apify.com/cashmere_verdict/heureka-product-scraper?fpr=youssef,price-comparison,11,90,5,1,"Scrape products, prices, specifications and shop offers from Heureka.cz - Czech Republic's largest price comparison site. Get competitor prices, product specs, ratings & availability. Perfect for price monitoring and e-commerce intelligence"
Leboncoin Listings Scraper,FalconScrape,https://apify.com/piotrv1001/leboncoin-listings-scraper?fpr=youssef,global-marketplaces,11,89,5,1,"Leboncoin Listings Scraper scrapes listings from leboncoin.fr search results, capturing titles, prices, images, location, seller info, category attributes, and optional full details - ideal for price tracking, market research, and competitive analysis of France's largest classifieds marketplace"
Acquire.com Scraper,Iñigo Garcia Olaizola,https://apify.com/igolaizola/acquire-scraper?fpr=youssef,other-ecommerce,11,76,4.6,2,"Scrape Acquire.com startup listings, including price, ARR, revenue, growth and metrics. Supports URLs, public categories and authenticated search for deal sourcing, M&A, investors and OSINT. Export structured data to JSON/CSV for analysis. Not affiliated with Acquire.com"
Leboncoin.fr Scraper,FlowExtract API,https://apify.com/dz_omar/leboncoin-scraper?fpr=youssef,global-marketplaces,11,67,5.0,3,"Scrape listings from any leboncoin.fr search URL price, location, seller, photos, and every category-specific attribute (surface, rooms, energy rating, mileage, fuel type). Paste a search URL and get structured data back"
Tutti.ch Scraper Swiss Classifieds & Marketplace,NanoScrape,https://apify.com/santamaria-automations/tutti-ch-scraper?fpr=youssef,other-ecommerce,11,48,,0,"Scrape 2M+ classified listings from tutti.ch, Switzerland's #1 classifieds platform. Extract prices, locations, cantons, seller info, GPS coordinates, images, and contact details. Browse by category (cars, real estate, electronics, furniture, jobs, and 20+ more). HTTP-only, fast, pay-per-result"
Chrono24 Scraper - Incremental ⌚,Epic Scrapers,https://apify.com/epicscrapers/chrono24-scraper?fpr=youssef,other-ecommerce,11,40,5.0,2,"[] Scrape watch listings from Chrono24 with prices, images, shipping costs & seller details. 50+ Filters. Allows incremental scraping to save costs. Returns structured JSON/CSV for price tracking, market analysis & research"
iHerb Reviews Scraper,Shahid Irfan,https://apify.com/shahidirfan/iHerb-Reviews-Scraper?fpr=youssef,reviews,11,32,5,4,"Extract product reviews, ratings & customer feedback from iHerb at scale. Ideal for competitive intelligence, market research & pricing analysis. Monitor competitors effortlessly & gain actionable ecommerce insights"
Yahoo Auctions Scraper,Sigma Dev,https://apify.com/sigma-dev/yahoo-auctions-scraper?fpr=youssef,other-ecommerce,11,31,5,2,"Scrape products from Yahoo Auctions Japan category and search URLs - prices, bids, end time, seller, category and images"
"StubHub Scraper | Ticket Prices, Events, Venues & Performers",kane liu,https://apify.com/lentic_clockss/stubhub-scraper?fpr=youssef,price-comparison,11,16,,0,"Extract StubHub ticket prices, events, venues and performers - concerts, sports, theater, comedy and festivals worldwide. Search, entity autocomplete, ticket listings and price-drop tracking. A StubHub API alternative for price monitoring and market research"
Restaurant Review Aggregator,Tri⟁angle,https://apify.com/tri_angle/restaurant-review-aggregator?fpr=youssef,reviews,10,654,4.2,4,"Add restaurant names and get reviews from Yelp, Google Maps, Doordash, UberEats, Tripadvisor, and Facebook. Extract review text, place address, rating, date, reviewer's name. Export reviews in JSON, CSV, HTML, use API, schedule and monitor runs or integrate reviews data with other tools"
Chrono24 Listings Scraper,Khan,https://apify.com/misterkhan/chrono24-search-scraper?fpr=youssef,other-ecommerce,10,439,,0,"Scrape watch listings from Chrono24 with price, brand, condition, year, and location. Ideal for dealers, analysts, and collectors tracking the global luxury watch market. Supports filters, pagination, and export to JSON, CSV, or Excel"
eBay Scraper (Pay Per Result),Gen First,https://apify.com/ivanvs/ebay-scraper-pay-per-result?fpr=youssef,ebay-etsy,10,401,3,1,"Extract data from classified advertisements on eBay. Scrape any category of items that are being sold on eBay. Download listings data in JSON, XML, Excel, and other versatile formats"
eBay Sold Comps - Real Sold Prices Without Login,Marielise,https://apify.com/marielise.dev/ebay-sold-listings-intelligence?fpr=youssef,ebay-etsy,10,365,4.1,5,"eBay sold listings are behind a login wall. This actor still gets real sold prices: it finds the sellers listing your item and reads their public feedback for what buyers actually paid. Sold comps, price range, recommended price, demand. No account, no cookies"
Alibaba Product & Supplier Finder (Reverse Image Search),Ozer Studio,https://apify.com/ozer-studio/Alibaba-Product-and-Vender-Finder?fpr=youssef,chinese-marketplaces,10,205,5,1,"[UPDATED] Find Alibaba products, suppliers using keyword search, reverse image search, or dedicated supplier search. Extract prices, MOQs, product links, supplier profiles, ratings, verification status, more -ideal for product sourcing, private-label research, Amazon FBA, and dropshipping"
Zalando [] Scraper (PPE),Muhamed Didovic,https://apify.com/memo23/zalando-scraper?fpr=youssef,global-marketplaces,10,183,4.9,15,"This actor allows you to scrape Zalando product listings and get important details such as product name, price, brand, sizes, availability, images, and more. It is useful for gathering fashion product data from Zalando for analysis, market research, or competitive analysis"
Kleinanzeigen Scraper,WebDataLabs,https://apify.com/webdatalabs/ebay-kleinanzeigen-scraper?fpr=youssef,ebay-etsy,10,167,5,1,"Fast, reliable scraper for Kleinanzeigen.de, Germany's largest classifieds marketplace. Paste any search or category URL and get one row per advert: title, description, EUR price, city, postal code, all images, posting date, attributes and seller type. About 100-135 adverts per URL"
Instagram Hashtag Scraper,Scraping Solutions,https://apify.com/scraping_solutions/instagram-hashtag-scraper?fpr=youssef,ads-and-trends,10,155,,0,"Instagram Hashtag Scraper API: Automatically extract public Instagram posts by hashtag. Perfect for trend analysis, campaign monitoring, and real-time content collection"
Google Shopping Scraper,Crawler Bros,https://apify.com/crawlerbros/google-shopping-insights?fpr=youssef,price-comparison,10,132,5,1,"Scrape Google Shopping search results. Extract product titles, prices, merchant names, ratings, reviews, images, and shipping info for any search query"
Myntra Product Scraper,Shahid Irfan,https://apify.com/shahidirfan/Myntra-Product-Scraper?fpr=youssef,global-marketplaces,10,121,5,3,"Extract detailed product data from Myntra, India’s leading fashion e-commerce platform. Efficiently gather prices, descriptions, images, and specifications for market research. For the most reliable performance and to ensure uninterrupted access, using residential proxies is highly recommended"
Amazon Storefront Scraper,FalconScrape,https://apify.com/piotrv1001/amazon-storefront-scraper?fpr=youssef,amazon,10,117,,0,"Extracts all products from an Amazon seller's storefront page. Collects ASIN, title, price, rating, review count, Prime status, and Best Seller badges with deduplication. Ideal for competitive analysis, price monitoring, and marketplace research across 12 Amazon regions"
Meta Ads Library Scraper,Mubeen Ali,https://apify.com/scraperhive/meta-ads-library-scraper?fpr=youssef,ads-and-trends,10,94,5,2,"Scrape ads from the Facebook Ads Library by keyword or Facebook Page URL. Extract ad copy, creatives, targeting,CTA, start/end dates & compliance data. Export to JSON, CSV or Excel. Pay only for results"
H&M Product Scraper,scrape anything,https://apify.com/gauzy_penguin/HM-Product-Scraper?fpr=youssef,price-comparison,10,69,5,4,"Scrape H&M product listings, prices, colors, sizes, and images from multiple countries. Perfect for price monitoring, product cataloging, and e-commerce analytics"
Amazon Sales Rank Scraper,Radeance,https://apify.com/radeance/amazon-sales-rank-scraper?fpr=youssef,amazon,10,64,5,1,"Access Amazon sales rank (BSR) data including current rank, historical ranking trends, category hierarchy, subcategory rankings, buy box data, and product details. Supports ASINs and product URLs across global marketplaces. Export as JSON, CSV, Excel, and more"
IAAI Vehicles Scraper,Shahid Irfan,https://apify.com/shahidirfan/IAAI-Vehicles-Scraper?fpr=youssef,other-ecommerce,10,64,5,5,"Extract vehicle auction data from IAAI with detailed specifications, pricing, and lot information. Automate data collection for market analysis, inventory tracking, and competitive pricing research on salvage and used vehicles"
OLX Poland Classifieds Scraper,Automation Lab,https://apify.com/automation-lab/olx-poland-classifieds-scraper?fpr=youssef,global-marketplaces,10,63,,0,"Scrape listings from OLX.pl - Poland's largest classifieds marketplace. Extract titles, prices, locations, images, and attributes from any category"
AutoScout24.ch Scraper (PPE),3x1t,https://apify.com/3x1t/autoscout24-ch-scraper-ppe?fpr=youssef,other-ecommerce,10,62,,0,"Effortlessly scrape vehicle data from Switzerland’s version of the popular online car marketplace AutoScout24. Fast, cheap & reliable. Pay-per-event version"
DoorDash Menu Items Scraper,Nifty,https://apify.com/nifty.codes/doordash-menu-scraper?fpr=youssef,other-ecommerce,10,58,,0,"Extract menu items including names, prices, and descriptions from DoorDash store menu pages. Powered by DoorDash Scraper"
Rakuten Japan Listings Scraper,FalconScrape,https://apify.com/piotrv1001/rakuten-japan-listings-scraper?fpr=youssef,global-marketplaces,10,33,,0,"The Rakuten Japan Listings Scraper extracts product listings from Rakuten - capturing names, JPY prices, review scores, shop info, shipping, Rakuten points, structured tags, and category breadcrumbs - ideal for Japanese marketplace research, price monitoring, and catalog building"
"Walmart API | Product, Seller, Price and Review Data",John,https://apify.com/johnvc/walmart-api?fpr=youssef,us-retailers,10,15,,0,"Walmart API for product search, product details, customer reviews and marketplace seller offers. Built for Walmart price tracking and seller monitoring, with reliability on the seller lookup where competing tools fail most. Works as a Walmart scraper, pay per result billing, MCP ready for AI agents"
Google Shopping Lite API,John,https://apify.com/johnvc/google-shopping-lite-api?fpr=youssef,price-comparison,10,14,5,5,"Search Google Shopping in bulk and get one row per product - price, retailer, rating, delivery, and link - for fast e-commerce price monitoring. Send many search terms at once, target a country and language. Pay per product. MCP-ready for Claude and AI agents"
Kickstarter Scraper,epctex,https://apify.com/epctex/kickstarter-scraper?fpr=youssef,other-ecommerce,9,868,5.0,7,"The ultimate and most all-encompassing Kickstarter tool you'll ever discover. With powerful search features, you can instantly locate and access any live project on Kickstarter.com. Search by location, project status, funding progress, and more. User-friendly, cost-effective, and without limitations"
IndiaMart Scraper,Nataniel Santos,https://apify.com/natanielsantos/indiamart-scraper?fpr=youssef,other-ecommerce,9,632,,0,"Scrape product data from indiamart.com with this tool. You can use it to extract title, price, images, description, and more. Download your data as HTML table, JSON, CSV, Excel, XML, and RSS feed"
Vinted Scraper,Bebity,https://apify.com/bebity/vinted-premium-actor?fpr=youssef,global-marketplaces,9,516,2.9,2,Vinted Data Scraper: Fast & Robust! Items and catalogs User profiles with stats and balances Brands Seamlessly integrate with Apify for unparalleled performance & insights. Elevate your business now! Power of direct API access for ultra-fast data extraction in a flash!
Allegro Product Detail Scraper,E Commerce,https://apify.com/e-commerce/allegro-product-detail-scraper?fpr=youssef,global-marketplaces,9,403,5.0,8,"Extract full product details from Allegro offers, including productTitle, price, productSpecifications, sellerInfo, availableQuantity, deliveryCost, and rating. Export data, run via API, schedule and monitor runs, or integrate with other tools"
Walmart Fast Product Scraper,E Commerce,https://apify.com/e-commerce/walmart-fast-product-scraper?fpr=youssef,us-retailers,9,331,5.0,4,"Scrape product data from Walmart.com and Walmart.ca search and category pages, including name, priceInfo, availability, averageRating, and sellerName. Export data, run via API, schedule and monitor runs, or integrate with other tools"
MercadoLibre Product Detail Scraper,EasyApi,https://apify.com/easyapi/mercadolibre-product-detail-scraper?fpr=youssef,espana-latam,9,270,5,1,"Extract detailed product information from MercadoLibre listings including prices, reviews, specifications, and seller details. Perfect for e-commerce analytics, price monitoring, and market research in Latin American markets"
Shopify Store Scraper,WebDataLabs,https://apify.com/webdatalabs/shopify-store-intelligence?fpr=youssef,shopify-stores,9,187,5,1,"Deep-dive any Shopify store: full product catalogue, installed apps, theme, pricing strategy and tech stack, plus review coverage and average rating measured over a product sample. One flat record per store for competitor research and lead generation"
eBay Reviews Scraper,E Commerce,https://apify.com/e-commerce/store-ebay?fpr=youssef,ebay-etsy,9,178,5.0,5,"Extract data from hundreds of eBay reviews. Get eBay review data, including text, rating, submission time, position, possible reply, reviewer username, item name, price with currency & more. Integrate eBay Reviews Scraper with other tools to streamline your workflow"
Vinted Scraper,delta spider,https://apify.com/deltaspider/vinted-scraper?fpr=youssef,global-marketplaces,9,168,,0,"Blazing fast Vinted scraper Support for ALL catalogs, filters and sorting options. Support for ALL Vinted sites (vinted.com, vinted.de, vinted.fr,...)"
All-in-One Autocomplete Keywords Tool,EasyApi,https://apify.com/easyapi/all-in-one-autocomplete-keywords-tool?fpr=youssef,amazon,9,167,,0,"Discover trending keywords and search suggestions across multiple platforms! Get real-time autocomplete data from Google, Pinterest, Instagram, TikTok, Amazon, and more. Perfect for SEO, content strategy, and market research. Unlock valuable insights with advanced filtering and comprehensive results"
Leboncoin Vehicle Scraper (PPE),3x1t,https://apify.com/3x1t/leboncoin-vehicle-scraper-ppe?fpr=youssef,global-marketplaces,9,156,,0,"Effortlessly scrape vehicle listings from France’s largest classifieds platform, Leboncoin, in a formatted manner using this unofficial API. Fast, cheap & reliable. Pay-per-event version"
eBay Search Scraper,Tin,https://apify.com/dtrungtin/ebay-search-scraper?fpr=youssef,ebay-etsy,9,140,,0,"Unofficial eBay API to extract data from eBay based on keywords or categories. Scrape prices, product descriptions, images, location, availability, brand, and more. Download extracted data in structured format and use it in reports, spreadsheets, databases, and applications"
Etsy Scraper,axly,https://apify.com/axlymxp/etsy-scraper?fpr=youssef,ebay-etsy,9,136,,0,"Extract Etsy product listings by keyword. Returns prices, Star Seller & Bestseller badges, ratings, images, tags, and shipping data. No API key needed. Supports price filters, free shipping, discounts, and digital downloads"
AllTrails Trail Scraper,ParseForge,https://apify.com/parseforge/alltrails-scraper?fpr=youssef,reviews,9,134,4.1,7,"Scrapes AllTrails trail listings by national park, US state, city, or custom coordinates. Returns each trail as a flat row with difficulty, length, elevation, rating, reviews, and activity tags"
Costco Product Scraper,ParseForge,https://apify.com/parseforge/costco-scraper?fpr=youssef,us-retailers,9,124,5.0,2,"Extract product data from Costco.com including prices, descriptions, ratings, and specifications"
"Hinge Email Scraper - Advanced, Cheapest & Reliable",ContactMinerLabs,https://apify.com/contactminerlabs/hinge-email-scraper---advanced-cheapest-reliable?fpr=youssef,other-ecommerce,9,111,,0,"Scrape Mass/Bulk Hinge Emails Enter your search parameters to collect verified contact emails from Hinge profiles, along with profile title, bio, source URL & platform info Perfect for lead generation, influencer outreach & data enrichment in tools like Google Sheets or CRMs"
Cars And Bids Scraper,Gen First,https://apify.com/ivanvs/cars-and-bids-scraper?fpr=youssef,other-ecommerce,9,100,,0,"Extract data about cars auctions from the Cars & Bids (carsandbids.com) website. Scrape car listings, extract descriptions, images, prices, mileage, addresses, engine information, the transmission of the car, and all other listing details"
Google Ads Scraper,LurkAPI,https://apify.com/lurkapi/google-ads-scraper?fpr=youssef,other-ecommerce,9,88,,0,"Scrape Google Ads Transparency Center by advertiser ID, domain (auto-resolved), or search term. Optional OCR, landing-page scrape, media download"
OfferUp Listings Scraper,FalconScrape,https://apify.com/piotrv1001/offerup-listings-scraper?fpr=youssef,reviews,9,67,,0,"Scrapes OfferUp search results by keyword, location, and price filters - capturing titles, prices, conditions, images, and locations. Enable full detail mode to also collect descriptions, post dates, seller names, ratings, and verification status"
Arabam.com Scraper | Fast & Reliable,Fatih Tahta,https://apify.com/fatihtahta/arabam-com-scraper?fpr=youssef,other-ecommerce,9,59,,0,"Scrape live vehicle listings from Arabam.com including prices, specs, sellers and more.. Ideal for market research, price tracking, or inventory monitoring. Fast, structured, reliable"
B&H Photo Scraper,Shahid Irfan,https://apify.com/shahidirfan/B-H-Photo-Scraper?fpr=youssef,reviews,9,57,5,5,"Extract product prices, descriptions, specs, and reviews from B&H Photo using this Apify actor. Export data in JSON, CSV, Excel, XML, or RSS. Automate e-commerce insights and boost your product research with powerful web scraping!"
BEST Agoda Scraper,lenskii,https://apify.com/bestscraper/agoda-property-scraper?fpr=youssef,reviews,9,53,5,1,"Two modes: search a city for every hotel + homestay, or monitor specific properties across dates with price-change deltas and next-available on sold-out. Each row: tax-inclusive price, availability, reviews, geo. 32 currencies verified end-to-end - no silent USD fallbacks. Covers Agoda Homes"
Google Finance API,John,https://apify.com/johnvc/google-finance-api?fpr=youssef,price-comparison,9,47,5,3,"Extract real-time stock quotes, price history, market indices, financial statements, and company news from Google Finance. Supports stocks, ETFs, indices, currencies, and crypto - single symbol or batch portfolio runs"
DIBBS RFQ Scraper,ParseForge,https://apify.com/parseforge/dibbs-rfq-scraper?fpr=youssef,other-ecommerce,9,45,,0,"Scrape RFQ solicitations from DLA's DIBBS system. Filter by NSN, FSC, solicitation number, description, or date range. Optionally extract detail page data and PDF text"
"Tokopedia Scraper - Products, Prices, Sellers & Variants",Abot API,https://apify.com/abotapi/tokopedia-scraper?fpr=youssef,global-marketplaces,9,41,4,1,"Extract product data from Tokopedia, Indonesia’s largest marketplace. Search by keyword with sorting and filters, or use product/result URLs. Returns price, discount, rating, sold count, seller, category, images, and optional details like description, videos, variants, and wholesale tiers"
"Trade Me NZ Scraper - Marketplace, Property, Motors & Jobs",Abot API,https://apify.com/abotapi/trademe-co-nz-scraper?fpr=youssef,other-ecommerce,9,27,,0,"Scrape trademe.co.nz across all five sections: Marketplace goods and auctions, Property, Motors, Jobs and Services. Search or paste URLs, walk pagination, and enrich with full detail plus seller feedback (positive/negative counts and score)"
Facebook Reels Scraper,Phone Number Scraper,https://apify.com/phone_number_scraper/facebook-reels-scraper?fpr=youssef,other-ecommerce,9,19,,0,"Facebook Reels Scraper extracts public Facebook Reels data from profiles, pages, and direct Reel URLs. Collect views, reactions, comments, shares, creator details, video URLs, thumbnails, audio metadata, and Reel analytics with pagination and date filtering"
Walmart Product Scraper | US CA MX Prices Reviews,kane liu,https://apify.com/lentic_clockss/walmart-scraper?fpr=youssef,us-retailers,9,19,,0,"Scrape Walmart.com, Walmart.ca & Walmart.com.mx products - search, categories, catalogs & PDP. Extract prices, ratings, sellers, stock, variants & reviews. Export Excel/CSV/JSON"
Alibaba Scraper,Lexis Solutions,https://apify.com/lexis-solutions/alibaba-scraper?fpr=youssef,chinese-marketplaces,8,365,2.0,6,"The Apify Alibaba Scraper is an efficient web crawling tool designed to scrape Alibaba, extracting product information, prices, and reviews. This crawler streamlines data collection by quickly crawling and scraping content, providing valuable insights for research and analysis"
Flipkart Reviews Scraper,Nataniel Santos,https://apify.com/natanielsantos/flipkart-reviews-scraper?fpr=youssef,global-marketplaces,8,246,5,1,"Efficiently scrapes product reviews from flipkart.com. Get detailed information of each reviews. Download your data as HTML table, JSON, CSV, Excel, XML, and RSS feed"
Ebay Product & Store Scraper,SASWAVE,https://apify.com/saswave/ebay-product-store-scraper?fpr=youssef,ebay-etsy,8,232,3.1,4,no proxies. Advanced Ebay scraper with fast runtime. Collect product details and their variants from website ebay.com and any other domain. Advanced Web crawler for ecommerce website. Extract data about product search results and store sellers with business informations
AliExpress Scraper,Shahid Irfan,https://apify.com/shahidirfan/AliExpress-Scraper?fpr=youssef,chinese-marketplaces,8,172,5,6,"Instantly extract product details, pricing, reviews, and seller information from AliExpress. Perfect for dropshipping research, price monitoring, and e-commerce market analysis. Gather comprehensive data from the global marketplace with ease to power your business insights"
Made-in-China.com Product Scraper,Agenscrape,https://apify.com/agenscrape/made-in-china-com-product-scraper?fpr=youssef,chinese-marketplaces,8,139,4,1,"Scrape Made-in-China.com products by keyword, category, or URL. Extract product names, prices, MOQ, supplier details, certifications, OEM/sample support, and more. Perfect for B2B sourcing and supplier discovery from China's largest wholesale platform"
StubHub Event Scraper,ParseForge,https://apify.com/parseforge/stubhub-scraper?fpr=youssef,other-ecommerce,8,139,5.0,2,"Scrapes StubHub event listings by search query or direct URL. Returns each ticket with price, section, row, quantity, and deal score"
Zalando Scraper,Ilong Mamman,https://apify.com/vistics/zalando-scraper?fpr=youssef,global-marketplaces,8,135,5.0,14,"Scrape Zalando product data across all European markets. Extracts product name, brand, price, currency, discount, images, color, variants & description. Supports UK, DE, FR, IT, ES and more. Fast, reliable & easy to use"
Kijiji Scraper,Gen First,https://apify.com/ivanvs/kijiji-scraper?fpr=youssef,other-ecommerce,8,97,,0,"Extract data from classified advertisements on Kijiji. Scrape details from jobs, housing, items wanted, items for sale, services, cars and trucks listed on Kijiji. Download listings data in JSON, XML, Excel, and other versatile"
Top Ranking Mobile Apps,Codebyte,https://apify.com/codebyte/top-ranking-mobile-apps?fpr=youssef,reviews,8,92,,0,"Scrape top trending apps for both Apple App Store and Google Play Store. Extract by category, country, device, and date including download estimates, revenue estimates, ratings, publisher info and pricing data. Monitor competitor rankings, track market trends, measure app performance across regions"
Woocommerce Product Scraper,FalconScrape,https://apify.com/piotrv1001/woocommerce-product-scraper?fpr=youssef,shopify-stores,8,89,,0,"WooCommerce Product Scraper extracts product data from any WooCommerce store, capturing names, prices, descriptions, images, categories, stock status, and ratings - ideal for market research, competitor analysis, and e-commerce monitoring"
WLW Scraper - German Supplier Directory (Pay per Result),Frederic,https://apify.com/plowdata/wlw-company-scraper-ppr?fpr=youssef,other-ecommerce,8,88,,0,"Gather B2B supplier and manufacturer leads from WLW (werliefertwas.de) with pay-per-result pricing, focused on the DACH market. You only pay for successfully extracted, deduplicated companies (one company = one result). Includes contacts, location, company size, and product portfolios"
Cars.com Scraper,Shahid Irfan,https://apify.com/shahidirfan/Cars-com-Scraper?fpr=youssef,other-ecommerce,8,79,5,5,"Extract vehicle listings from Cars.com with pricing, mileage, make, model, year, dealer details, location, images, URLs, and more. Ideal for automotive market research, price tracking, competitive analysis, lead generation, and vehicle data collection"
Allegro Reviews Scraper,E Commerce,https://apify.com/e-commerce/allegro-reviews-scraper?fpr=youssef,global-marketplaces,8,76,5.0,2,"Extract buyer opinions from Allegro product pages, including rating, opinion, pros, cons, helpfulness, images, and translation. Export data, run via API, schedule and monitor runs, or integrate with other tools"
"Fnac.com Scraper: Products, Prices, EAN, Stock & Reviews",Youssef Farhan,https://apify.com/fayoussef/fnac-data-scraping?fpr=youssef,global-marketplaces,8,74,5,1,"Scrape fnac.com products from any search, category or product URL, or by keyword with brand, category, price, seller and stock filters. Get price, list price, discount, EAN, SKU, brand, stock, marketplace sellers, ratings, reviews, specs and images. No API key needed"
CJDropshipping Product Scraper,EasyApi,https://apify.com/easyapi/cjdropshipping-product-scraper?fpr=youssef,ads-and-trends,8,73,,0,"Scrape detailed product information from CJDropshipping, including variants, pricing, inventory, specifications, and supplier details. Perfect for dropshippers and e-commerce businesses to monitor products and pricing"
Tokopedia Reviews Scraper,Shahid Irfan,https://apify.com/shahidirfan/Tokopedia-Reviews-Scraper?fpr=youssef,global-marketplaces,8,68,5,3,"Scrape Tokopedia product reviews and ratings at scale. Extract customer feedback for competitive intelligence, sentiment analysis, and market research. Capture review data instantly for ecommerce insights and data-driven strategy"
Europages Scraper - European B2B Supplier Leads (PPR),Frederic,https://apify.com/plowdata/europages-company-scraper-ppr?fpr=youssef,other-ecommerce,8,65,,0,"Gather European supplier and manufacturer leads from Europages, Europe’s leading B2B marketplace with millions of company listings across 35+ countries. Pay per result - you only pay for successfully extracted, deduplicated company records. Includes contacts, products, locations, and industry tags"
Booking.com Hotel Photos Scraper,PowerAI,https://apify.com/powerai/booking-hotel-photos-scraper?fpr=youssef,other-ecommerce,8,63,,0,"Export Booking.com property gallery URLs in one run - photo IDs and image links for listings, creatives, and content ops"
GlobalSources Supplier Scraper,devcake,https://apify.com/devcake/globalsources-supplier-scraper?fpr=youssef,other-ecommerce,8,58,,0,Extract verified suppliers and manufacturers from GlobalSources.com - the world's leading B2B platform with 10M+ verified suppliers
Facebook Marketplace Scraper + Real Time Notifications,Raidr API,https://apify.com/raidr-api/facebook-marketplace-scraper?fpr=youssef,global-marketplaces,8,57,,0,"Search and scrape Facebook Marketplace by keyword for any category - electronics, furniture, clothing, and more. Features exact listing dates, real-time Discord alerts, age filtering, and deduplication. Built with advanced techniques for the lowest cost per run. Export to JSON, CSV, or Excel"
Facebook Marketplace Scraper,kata Kuri,https://apify.com/worshipful_knife/facebook-marketplace-scraper?fpr=youssef,global-marketplaces,8,57,,0,"Reliable Facebook Marketplace scraper. Works without login extracts titles, prices, full descriptions, GPS, photos, and category attributes (vehicle make/year/mileage, property bedrooms). Built-in monitoring mode for incremental scraping. Multi-source SSR JSON parser handles FB shape changes"
Shotgun Live,Hypebridge,https://apify.com/hypebridge/shotgun-live?fpr=youssef,other-ecommerce,8,52,,0,"Scrape event data from Shotgun.live - the platform for electronic music events, nightlife, concerts, and party events worldwide"
"Mercado Libre Scraper - 17 LATAM Countries, No Login",Gio,https://apify.com/gio21/mercado-libre-scraper?fpr=youssef,espana-latam,8,49,5.0,4,"Scrape Mercado Libre products by keyword across 17 LATAM marketplaces: price, discount, installments, rating, seller, shipping, images. No login required., no run fee"
Ulta Beauty Scraper,Richard Feng,https://apify.com/autofacts/ulta-scraper?fpr=youssef,us-retailers,8,48,,0,"Scrape Ulta Beauty from category, brand, sale or product URLs: sale and list prices, stock status, ratings and review counts, product size and highlight badges. Every shade and size is grouped into one record, with each shade's undertone and finish - and costs one event, not forty"
Kleinanzeigen.de Scraper with Contacts & Descriptions,Fatih Tahta,https://apify.com/fatihtahta/ebay-kleinanzeigen-scraper?fpr=youssef,ebay-etsy,8,46,5,1,"Scrape Kleinanzeigen.de at scale with clean, structured listings. Capture titles, prices, descriptions, photos, locations and seller details for local offers and services. Ideal for price tracking, lead gen, resale sourcing and market research"
Lidl Scraper [] - European Grocery Prices,Black Falcon Data,https://apify.com/blackfalcondata/lidl-scraper?fpr=youssef,us-retailers,8,45,,0,Scrape Lidl grocery products across 28 European markets - each row tagged by country · current price · strikethrough normal price · per-unit comparison pricing. Incremental mode tracks new and changed products across scheduled runs
Otomoto.pl Scraper with Contacts,Fatih Tahta,https://apify.com/fatihtahta/otomoto-pl-scraper?fpr=youssef,other-ecommerce,8,41,,0,"Extract Otomoto.pl vehicle listings across Poland with rich specs, seller contacts, pricing, mileage, media, equipment data, and listing signals. Built for enterprise-grade automotive intelligence, lead enrichment, inventory monitoring, and automated analytics pipelines"
Advanced Ulta Reviews Scraper,SASWAVE,https://apify.com/saswave/advanced-ulta-reviews-scraper?fpr=youssef,us-retailers,8,41,,0,"Collect all reviews from a ulta product listed on website ulta.com Extract informations like title, description, date, location, username, badges, images/videos, rating, help score Boost your reviews monitoring and analytics at scale"
MercadoLibre Product Scraper,SIÁN OÜ,https://apify.com/sian.agency/mercado-libre-product-scraper?fpr=youssef,espana-latam,8,29,,0,"Scrape MercadoLibre products across Argentina, Brazil, Mexico & Chile - price, condition, seller, ratings, specs & images. Keyword or URL search, full detail enrichment, dual-currency USD, clean JSON/CSV, no code"
com.au Scraper PRO (By Search URL),Azzouzana,https://apify.com/azzouzana/redbook-com-au-scraper?fpr=youssef,reviews,8,19,,0,"com.au Scraper - Extract car research listings with price guides, keys details, ratings, title & much more!. Export to JSON, CSV, Excel or API. Bot protection bypassed. Grab your search URLs and you're good to go!"
"Google Shopping Scraper - Prices, Stores & Offers",Scrapewise Data,https://apify.com/scrapewise/google-shopping?fpr=youssef,price-comparison,8,18,,0,"Scrape Google Shopping in any country: product title, price, old price, discount, currency, store, shipping, condition, rating, reviews, image, product ID and link. Optional store-by-store offers with direct links. Price, condition and store filters. Pay per product"
"Tripadvisor API | Hotel, Restaurant and Attraction Reviews",John,https://apify.com/johnvc/tripadvisor-api?fpr=youssef,reviews,8,8,,0,"Tripadvisor API for hotels, restaurants and attractions. Search places by keyword to get ratings, review counts and locations, then pull full review text with author details. Pay per result, MCP ready for AI agents"
Amazon Reviews Scraper,epctex,https://apify.com/epctex/amazon-reviews-scraper?fpr=youssef,amazon,7,896,4.9,8,"Gain access to incredibly rapid, essential, and highly informative Amazon product review data. Pull out ratings, reviews, images, product specifics, and more. Retrieve reviews of any product, regardless of the country of origin. Unlimited and exceptionally fast"
MercadoLibre Search Results Scraper,EasyApi,https://apify.com/easyapi/mercadolibre-search-results-scraper?fpr=youssef,espana-latam,7,293,3,1,"Extract detailed product listings from MercadoLibre search results. Get comprehensive data including prices, variations, seller info, shipping details and more. Perfect for e-commerce analytics, price monitoring and market research in Latin American markets"
Etsy Keywords Research Tool,EasyApi,https://apify.com/easyapi/etsy-keywords-research-tool?fpr=youssef,ebay-etsy,7,259,1,1,"Unlock valuable keyword insights from Etsy's search data! Extract suggestions, related terms, and trending searches to optimize your Etsy listings and boost visibility. Perfect for sellers, marketers, and researchers looking to dominate the Etsy marketplace"
Uber Eats Menu Scraper,SIÁN OÜ,https://apify.com/sian.agency/uber-eats-menu-scraper?fpr=youssef,other-ecommerce,7,212,5,2,"Uber Eats menu scraper. Paste one or more Uber Eats restaurant URLs and get the full menu as structured rows - restaurant name, shop ID, menu sections, dish names, descriptions and prices. Bulk URL input, clean JSON and CSV export, no account or API key needed"
Daraz Product Scraper,ITclan BD,https://apify.com/itclan-bd/daraz-product-scraper?fpr=youssef,global-marketplaces,7,152,5,8,"Scrape Daraz products by keyword or category URL across Pakistan, Bangladesh, Nepal, Sri Lanka, and Myanmar. Supports bulk searches with multiple keywords and category URLs, automatic pagination, built-in deduplication, price sorting, rating and price-range filters, and in-stock-only filtering"
Free EAN-to-ASIN Converter - Turn Any EAN Into an Amazon ASIN,SR,https://apify.com/s-r/free-ean-to-asin-converter---turn-any-ean-into-an-amazon-asin?fpr=youssef,amazon,7,147,,0,"The AI-powered matching engine that connects Amazon products with their universal barcodes. Seamlessly translates between Amazon ASINs and EAN/UPC barcodes, keeping your inventory perfectly aligned across every sales channel"
DoorDash Store Details Scraper,Tri⟁angle,https://apify.com/tri_angle/doordash-store-details-scraper?fpr=youssef,reviews,7,136,5.0,2,"Turn DoorDash store URLs into structured data: the name, full address and coordinates, rating and number of ratings, price range, and whether the restaurant offers delivery, pickup, or group orders"
Alza Scraper,09 try,https://apify.com/appealing_jingle/alza-scraper?fpr=youssef,reviews,7,97,,0,"Scrape product data from alza.sk, alza.cz, alza.hu, alza.at and alza.de. Extracts prices, discounts, availability, ratings, images, and more. Supports pagination, proxy configuration, and exports to JSON, CSV"
1688 Wholesale Scraper - Tier Pricing · MOQ · Supplier Data,SIÁN OÜ,https://apify.com/sian.agency/alibaba-1688-wholesale-scraper?fpr=youssef,chinese-marketplaces,7,83,,0,"Scrape 1688.com B2B wholesale into clean datasets. Keyword product search plus sourcing-grade detail: quantity-break tier pricing, MOQ, supplier company & location, SKU attributes, image galleries and export-platform tags (Amazon, eBay, AliExpress). For sourcing agents & dropshippers"
Tokopedia Scraper - Search & Product,TicTech,https://apify.com/tictechid/vanzi-tokopedia?fpr=youssef,global-marketplaces,7,81,,0,"Extract comprehensive product data from Tokopedia, Indonesia's #1 e-commerce platform. Get prices, ratings, sales data, detailed product specs, and more in seconds with our fast, reliable scraper"
GovDeals Auction Results Scraper,ParseForge,https://apify.com/parseforge/govdeals-scraper?fpr=youssef,other-ecommerce,7,69,5,1,"Scrapes closed GovDeals auction listings by search term, category, or direct URL. Returns final price, bid count, seller, location, and auction dates for each asset"
Dubizzle UAE Scraper,Agenscrape,https://apify.com/agenscrape/dubizzle-uae-scraper?fpr=youssef,other-ecommerce,7,62,,0,"Scrape Dubizzle UAE listings - cars, jobs, properties from Dubai, Abu Dhabi, Sharjah & all UAE cities. Dynamic fields per category: car specs for vehicles, salary/company for jobs. Fast, structure JSON/CSV output. Real-time data delivery"
DHGate Products Scraper,devcake,https://apify.com/devcake/dhgate-products-scraper?fpr=youssef,chinese-marketplaces,7,59,5,1,"Find profitable, low-MOQ products from DHGate.com, identify winning products for dropshipping and e-commerce resale"
G2.com Scraper,Crawler Bros,https://apify.com/crawlerbros/g2-scraper?fpr=youssef,reviews,7,58,1,1,"Scrape G2.com software reviews, product details, and competitor data. Reviews via RSS (instant, no proxy). Product info and competitors via anti-detect browser"
"ProductReview.com.au Scraper - Products, Businesses & Reviews",Abot API,https://apify.com/abotapi/product-reviews-australia-scraper?fpr=youssef,reviews,7,53,5,1,"Scrape ProductReview.com.au products, businesses and customer reviews. Search by location, category or custom query with advanced filters. Extract business details, ratings, review content and structured review insights"
Zara Product Scraper,Shahid Irfan,https://apify.com/shahidirfan/Zara-Product-Scraper?fpr=youssef,ads-and-trends,7,49,5,4,"Extract the latest fashion data with this powerful Zara scraper! Gather prices, images, sizes, and descriptions from global stores. Perfect for trend analysis and e-commerce intelligence. We recommend residential proxies for smooth, unrestricted access"
H&M Product Scraper,Shahid Irfan,https://apify.com/shahidirfan/h-m-product-scraper?fpr=youssef,price-comparison,7,39,5,5,"Scrape H&M products instantly with complete details: pricing, images, stock status, and reviews. Export to JSON/CSV for competitive analysis, price monitoring, and retail research. Fast, reliable H&M data extraction for ecommerce intelligence"
"Wine-Searcher Scraper - Wine Prices, Scores, Offers & LWIN",Abot API,https://apify.com/abotapi/wine-searcher-scraper?fpr=youssef,reviews,7,38,,0,"Look up wines on wine-searcher.com by name, URL, or LWIN code. Returns 30+ fields, including critic scores, prices, grape, region, appellation, producer, label image, user ratings, food pairing, live offer counts, cheapest merchant offer, and optional critic review breakdown"
Falabella Chile Scraper - Productos y Precios,Scrapers Chile,https://apify.com/scraperschile/falabella?fpr=youssef,espana-latam,7,27,,0,"Scraper de Falabella Chile para extraer productos, precios, promociones, marcas, categorías, vendedores, imágenes y enlaces del marketplace. Exporta a Dataset, JSON, CSV, Excel o API para comparar retail, vigilar ofertas y analizar ecommerce"
"Finn.no Mobility Scraper - Cars, MC, Boats & More",Black Falcon Data,https://apify.com/blackfalcondata/finn-mobility-scraper?fpr=youssef,other-ecommerce,7,25,,0,"Scrape finn.no/mobility - Norway's largest vehicle marketplace with 100,000+ listings across 6 categories. Collect vehicle specifications, seller details and pricing in structured datasets, with optional enrichment and incremental change tracking for precise market monitoring"
Carrefour Scraper [] - France Grocery Prices,Black Falcon Data,https://apify.com/blackfalcondata/carrefour-scraper?fpr=youssef,espana-latam,7,16,,0,Scrape carrefour.fr - Carrefour France groceries with current prices · availability · GTINs · categories · unit pricing · ratings & product URLs. Incremental mode tracks new and changed products across scheduled runs
Google Immersive Product API | Product Pages for E-Commerce,John,https://apify.com/johnvc/google-immersive-product-api?fpr=youssef,reviews,7,14,5,1,"Get Google's rich immersive product pages for any product search as structured JSON: title, brand, price range, aggregated rating and review breakdown, specs, variants, stores, videos, and user reviews. For e-commerce competitive intelligence and product research agents. Pay per product, MCP-ready"
TrustRadius Reviews API,John,https://apify.com/johnvc/trustradius-reviews-api?fpr=youssef,reviews,7,8,,0,"TrustRadius B2B software reviews as clean, structured JSON. See which software alternatives each buyer compared and why they chose one, plus per-feature scores, ROI notes, pros and cons, and reviewer role, company size, and industry. Pay per review, MCP-ready for Claude and AI agents"
Amazon Seller Data Extractor,Pratik Dani,https://apify.com/pratikdani/amazon-seller-extractor?fpr=youssef,amazon,6,389,,0,"This actor efficiently scrapes Amazon seller data, including storefront details, ratings, product listings, and contact information. It helps analyze competition and identify potential partners on the Amazon marketplace"
Facebook Ads Library Scraper,MT,https://apify.com/taupe_thrush/fb-ads-library-scraper-actor?fpr=youssef,ads-and-trends,6,245,5,1,"This Apify Actor scrapes ads from Facebook's Ad Library based on the provided URL. It will extract ad data, including ad content, page information, and targeting details. It automates the browsing process, handles dynamic content loading, and provides structured data output"
Xianyu (Goofish) Listings Scraper,FalconScrape,https://apify.com/piotrv1001/xianyu-goofish-listings-scraper?fpr=youssef,chinese-marketplaces,6,190,,0,"Xianyu (Goofish) Listings Scraper extracts second-hand product listings from Alibaba's goofish.com - titles, prices, cities, seller info, images, and want counts. Supports anonymous home-feed scraping and authenticated keyword search with optional detail-page enrichment"
"eBay Product Scraper - Details, Variants & Specs",Zebu Data,https://apify.com/delicious_zebu/ebay-product-details-scraper?fpr=youssef,ebay-etsy,6,189,5,28,"Extract complete product data from any eBay listing URL: price, discount, variations, bulk-price tiers, seller, shipping, returns, item specifics, images and full description. One Actor covers every eBay country marketplace. An unofficial eBay API for product pages"
Europages Scraper,SASWAVE,https://apify.com/saswave/europages-scraper?fpr=youssef,other-ecommerce,6,172,,0,"Europages company scraper. From any domain name. Extract company information from a europages search url. Collect data about company name, description, VAT ID, phonenumber, email, fax, address, website, employee count and more"
Zepto Scraper,Krazee,https://apify.com/krazee_kaushik/zepto-scraper?fpr=youssef,reviews,6,170,,0,"Scrape Zepto product listings across multiple locations and search queries. Extract prices, stock status, ratings, delivery ETA, images, and more. Compare pricing and availability across locations. Export structured data to JSON, CSV, Excel, and more"
Dutch Supermarkets (all 11),Harvest Edge,https://apify.com/harvestedge/dutch-supermarkets-all-11?fpr=youssef,us-retailers,6,160,,0,"Scrape all 11 dutch supermarket chains for price, product, url, and size. Albert Heijn, Jumbo, Dirk, SPAR, Hoogvliet, Aldi, Lidl, Vomar, Poiesz, Plus, DekaMarkt. Netherlands, Nederland, supermarkt"
Amazon Seller Products Scraper,Sachin Kumar Yadav,https://apify.com/igview-owner/amazon-seller-products-scraper?fpr=youssef,amazon,6,110,,0,"Boost your Amazon research with the Amazon Seller Products Scraper. Extract a seller’s entire product catalog from any marketplace using just the Seller ID. Get titles, prices, ratings, reviews count, sales volume, badges, delivery info, coupons and more in a clean, ready‑to‑use dataset"
LiveAuctioneers Scraper,Gen First,https://apify.com/ivanvs/liveauctioneers-scraper?fpr=youssef,other-ecommerce,6,109,,0,"Scrape from LiveAuctioneers data about auctions for arts, antiques, coins, fashion, furniture and other collectibles. Download listings data in JSON, XML, Excel, and other versatile"
DHgate Listings Scraper,FalconScrape,https://apify.com/piotrv1001/dhgate-listings-scraper?fpr=youssef,chinese-marketplaces,6,107,,0,"The DHgate Listings Scraper extracts product data from DHgate search URLs, capturing titles, images, prices, URLs, shipping status, ratings, and available coupons - ideal for market research, price tracking, and supplier analysis"
Facebook Phone Number Scraper - Cheapest & Reliable,ContactMinerLabs,https://apify.com/contactminerlabs/facebook-phone-number-scraper---cheapest-reliable?fpr=youssef,other-ecommerce,6,99,,0,"Scrape Mass/Bulk Facebook Phone Numbers Enter your search parameters to collect verified phone numbers from Facebook profiles, along with profile title, bio snippet, country, source URL & platform info Perfect for lead generation and contact enrichment in tools like Google Sheetsor CRMs"
Booking.com Scraper for Hotel Prices & Reviews,scraping automation,https://apify.com/runtime/booking-scraper?fpr=youssef,reviews,6,88,1.2,2,"Extract Booking.com hotel search results with prices, ratings, review counts, addresses, coordinates, direct hotel URLs, filters, and optional room details"
Amazon Brazil Scraper - Anti-Block: Products & Prices,viralanalyzer,https://apify.com/viralanalyzer/amazon-brazil-intelligence?fpr=youssef,amazon,6,64,5,4,"Extract Amazon Brazil data: products, prices, reviews, BSR rankings, seller info"
Amazon Price Scraper,"Wilico, Inc",https://apify.com/wilico/amazon-price-scraper?fpr=youssef,amazon,6,60,5,3,"Extract product data from Amazon. Scrapes prices, availability, and product details without using the Amazon API"
Cardmarket Listings Scraper,Phantom Coder,https://apify.com/phantom_coder/cardmarket-listings-scraper?fpr=youssef,other-ecommerce,6,57,5.0,1,"Scrape all seller listings from any Cardmarket card page - condition, language, quantity, price in EUR/USD. Optional Fair Value Analysis for Scarlet & Violet and Mega Evolution sets adds AI pricing, PSA data, gem rate, and deal score"
Walmart Scraper | Enterprise Grade,Fatih Tahta,https://apify.com/fatihtahta/walmart-scraper?fpr=youssef,us-retailers,6,54,5,1,"Scrape structured product data from Walmart.com including prices, brands, ratings, stock availability and more. Ideal for price tracking, catalog enrichment, or market research. Fast, reliable, and export-ready"
Fragrantica.com Scraper,Shahid Irfan,https://apify.com/shahidirfan/fragrantica-com-scraper?fpr=youssef,reviews,6,52,5,4,"Extract structured perfume data from Fragrantica.com, including fragrances, brands, notes, accords, ratings, reviews, perfumers, release years, and images. Ideal for fragrance research, perfume databases, market analysis, product discovery, and competitive insights"
Daraz.pk Scraper,Shahid Irfan,https://apify.com/shahidirfan/Daraz-pk-Scraper?fpr=youssef,global-marketplaces,6,52,5,3,"Efficiently scrape product details, prices, and reviews from Daraz.pk, Pakistan's largest e-commerce platform. This lightweight actor ensures fast data extraction. For consistent results and to bypass anti-scraping measures, residential proxies are strongly recommended"
StubHub Event Scraper,Shahid Irfan,https://apify.com/shahidirfan/stubhub-event-scraper?fpr=youssef,ads-and-trends,6,47,5,4,"Instantly harvest StubHub event data. Extract real-time ticket prices, event details, venues & availability for concerts, sports, theater & live events. Monitor trends, analyze pricing & unlock market opportunities"
Bilbasen Scraper - Denmark's Car Marketplace,Black Falcon Data,https://apify.com/blackfalcondata/bilbasen-scraper?fpr=youssef,other-ecommerce,6,46,5,1,Scrape bilbasen.dk - Denmark's largest car marketplace with full vehicle specs · seller contacts · gallery images · price-direction monitoring. Filter by make & model. Incremental mode tracks new and changed listings across scheduled runs
Wallapop Cars Scraper - Spain Classifieds,Rastriq - Structured data from the world,https://apify.com/rastriq/wallapop-cars-scraper?fpr=youssef,espana-latam,6,43,5,1,"Scrape car listings from Wallapop, Spain's largest classifieds marketplace. Extract price, mileage, year, location, seller info, and photos for every listing. Filter by brand, model, price range, and region. Ideal for market research, price comparison, and automotive analytics in Spain"
2dehands.be Scraper | All-In-One,Fatih Tahta,https://apify.com/fatihtahta/2dehands-2ememain-scraper-ppe?fpr=youssef,other-ecommerce,6,42,,0,"Scrape Belgium's top marketplaces: 2dehands.be & 2ememain.be scraper. Target any category and extract rich data: prices, locations, seller info, and all product-specific features. Perfect for market research and competitor analysis"
Takealot Products Scraper,Shahid Irfan,https://apify.com/shahidirfan/Takealot-Products-Scraper?fpr=youssef,reviews,6,41,5,5,"Extract live product data from Takealot instantly. Get prices, titles, descriptions, ratings, stock status & seller info. Perfect for price tracking, competitor analysis, market research, retail analytics & dynamic pricing. South Africa's premier e-commerce platform. ETL-ready"
TikTok Ads EU - Library Scraper with Demographics,Omar Eldeeb,https://apify.com/constructive_calm/tiktok-ad-library-pro?fpr=youssef,ads-and-trends,6,41,5,1,"Scrape TikTok's EU Ad Library (library.tiktok.com) at scale. Get ads by keyword, advertiser name, or biz ID across 33 DSA regions. Per-region targeting drill-down. Uncapped advertiser deep-drill. Pay per ad scraped, no subs. - 68% cheaper than competitors"
Reliance Digital Product Scraper,SIÁN OÜ,https://apify.com/sian.agency/reliance-digital-product-scraper?fpr=youssef,reviews,6,28,,0,"Scrape Reliance Digital products - price (INR), MRP, discount, ratings, images & full specifications. Keyword or category search, detail enrichment, clean JSON/CSV, no code"
Kleinanzeigen.de Scraper,Shahid Irfan,https://apify.com/shahidirfan/kleinanzeigen-de-scraper?fpr=youssef,global-marketplaces,6,27,5,4,"Extract classified listings from Kleinanzeigen.de with ease. Scrape product details, prices, seller info, and images from German marketplace. Automate data collection from thousands of ads. Perfect for market analysis, price monitoring, and competitive research"
Grailed Listings Scraper,FalconScrape,https://apify.com/piotrv1001/grailed-listings-scraper?fpr=youssef,global-marketplaces,6,25,,0,"The Grailed Listings Scraper extracts listings from Grailed's marketplace - capturing titles, designers, prices, price drops, sizes, conditions, colors, photos, shipping rates, sold prices, and seller ratings - ideal for resale price tracking, sold-comp research, and fashion market analytics"
Grab Scraper | GrabFood GrabMart SEA Menus,kane liu,https://apify.com/lentic_clockss/grab-scraper?fpr=youssef,reviews,6,24,,0,"Scrape GrabFood restaurants, menus, cuisine SEO & GrabMart feeds across Singapore, Malaysia, Philippines, Thailand, Vietnam, Indonesia, Cambodia, and Myanmar. Extract merchant IDs, ratings, fees, menu items & prices, promos. Export Excel/CSV/JSON. Unofficial - not affiliated with Grab"
Google Shopping Scraper,Muhamed Didovic,https://apify.com/memo23/google-shopping-scraper?fpr=youssef,price-comparison,6,20,5,1,"Scrape Google Shopping products and sponsored PLA ads by keyword - titles, prices, merchants, ratings, delivery, and direct retailer URLs. Multi-country, multi-query. Organic listings + ads in one run. Flat JSON/CSV for price monitoring, PPC research, and ecommerce intelligence"
ManoMano Listings Scraper,FalconScrape,https://apify.com/piotrv1001/manomano-listings-scraper?fpr=youssef,reviews,6,18,,0,"The ManoMano Listings Scraper extracts product listings and detailed PDPs from ManoMano (FR/DE/ES/IT/UK), capturing titles, brands, sellers, prices, discounts, ratings, images, categories, EAN, SKU, attributes, and delivery info - ideal for price tracking and e-commerce intelligence"
MercadoLibre Product & Seller Scraper,Farhan Febrian Nauval,https://apify.com/xtracto/mercadolibre-scraper?fpr=youssef,espana-latam,6,17,,0,"Search MercadoLibre across LATAM (Brazil, Argentina, Mexico, Chile, Colombia and more) and extract products and seller detail: title, price, discount, seller/store, rating, reviews, shipping and images. No account or API key needed"
Grocery Flyer Scraper - Weekly Deals & Price Drops,Scrapers Delight,https://apify.com/scrapersdelight/flipp-flyer-digest?fpr=youssef,other-ecommerce,6,12,,0,"Scrape every grocery store flyer for a US ZIP or Canadian postal code from Flipp: item name, sale price, brand and validity dates across 110+ merchants. Tracks week-over-week price drops and outputs a markdown digest ready for an AI meal planner. No login or API key"
Amazon Mexico Product Data & Price Scraper,Latin America Data,https://apify.com/latinamericadata/amazon-mexico?fpr=youssef,espana-latam,6,11,,0,"Extrae productos de Amazon México con ASIN, precios, reseñas, Prime, imágenes y enlaces. Scraper y API para pricing, catálogo y análisis de ecommerce. Exporta en JSON, CSV o Excel e intégralo por API, webhooks y automatizaciones"
TikTok Shop Product Scraper | Prices Sold Global,kane liu,https://apify.com/lentic_clockss/tiktok-shop-scraper?fpr=youssef,chinese-marketplaces,6,10,,0,"Scrape TikTok Shop products - keyword, category, home discover & PDP across US/UK/Asia regions. Extract productId, prices, ratings, sold counts & shop info. Export Excel/CSV/JSON for research & price monitoring"
Comprehensive Google Maps Reviews Scraper,Blue Orion,https://apify.com/blueorion/fast-google-maps-reviews-scraper?fpr=youssef,reviews,5,369,4.6,14,"Scrape reviews from Google Maps using URLs, FIDs, CIDs, or Place IDs - FREE CREDIT &. Extracts full review details, ratings, images, metadata, and contact info. Perfect for analysis, monitoring, or competitive research"
Home Depot & Lowe's Price Tracker with Penny Detection,Niko W,https://apify.com/pulsewatch/dealwatch-scraper?fpr=youssef,us-retailers,5,368,,0,"Real-time price monitoring for Home Depot and Lowe's. Detects 30-90% off clearance, penny items (.02/.03 →.01), and inventory drops. Multi-ZIP support. Outputs clean JSON with product details, prices, discounts, and stock status"
Social Media Email Scraper 2025,Chito Sibug,https://apify.com/chitosibug3/social-media-email-scraper-2025?fpr=youssef,other-ecommerce,5,361,5,1,Find Social Media Email (Youtube、TikTok、Twitter、Instagram、Linkedin) from Private Database and realtime social network search (NOT ONLY find email in description!)
EAN/GTIN Image extractor - Extract multiple images from any EAN,SR,https://apify.com/s-r/ean-product-image-search---extract-images-from-any-ean-gtin?fpr=youssef,other-ecommerce,5,313,5,1,"This image extractor searches for products using EAN codes across multiple e-commerce platforms, downloads product images, and exports comprehensive product data with stored images"
Bulk Email Finder Tool - Find Business Emails by Name & Domain,David Bhatt,https://apify.com/davidsharadbhatt/bulk-email-finder-tool---find-business-emails-by-name-domain?fpr=youssef,other-ecommerce,5,239,,0,"Instantly find verified professional email addresses by entering a contact’s first name, last name, and company domain - ideal for sales teams, outreach campaigns, and lead generation"
Trustpilot Scraper Pro,Zoro,https://apify.com/coder_zoro/Trustpilot-Scraper-Pro?fpr=youssef,reviews,5,215,4.7,24,"Trustpilot Scraper Pro is a powerful Apify actor that extracts detailed business information and customer reviews from Trustpilot. Choose between two modes: scrape company data (name, rating, contact, etc.) or collect reviews with filters"
Flipkart Review Scraper,EasyApi,https://apify.com/easyapi/flipkart-review-scraper?fpr=youssef,global-marketplaces,5,170,5,1,"Scrape detailed product reviews from Flipkart, including ratings, comments, user info, helpful votes, and product attributes. Perfect for market research, sentiment analysis, and customer feedback monitoring"
TikTok Shop Affiliate Scraper - Creators & Sales,George Kioko,https://apify.com/george.the.developer/tiktok-shop-affiliate-sales-scraper?fpr=youssef,chinese-marketplaces,5,166,1,1,"Find which creators are promoting any TikTok Shop product. Verified affiliate data with creator names, follower counts, and sales intelligence. Used by agencies and sellers for competitor research"
Tokopedia Product Scraper,EasyApi,https://apify.com/easyapi/tokopedia-product-scraper?fpr=youssef,global-marketplaces,5,163,5,1,"Efficiently scrape product data from Tokopedia search results. Extract detailed information including prices, shop details, sales metrics, and more. Perfect for market research, price monitoring, and competitive analysis. Built with advanced anti-blocking measures"
Lazada Product Scraper,GetDataForMe,https://apify.com/getdataforme/lazada-product-scraper?fpr=youssef,global-marketplaces,5,154,,0,"Lazada product scraper supporting Malaysia, Vietnam, and Thailand domains. Extracts product details efficiently with a unified actor for multiple Lazada marketplaces"
Avito Search Results Scraper,EasyApi,https://apify.com/easyapi/avito-search-results-scraper?fpr=youssef,global-marketplaces,5,134,,0,"Extract detailed search results from Avito.ma - Morocco's premier classifieds platform. Perfect for market research, price monitoring, and business intelligence. Supports all categories including vehicles, real estate, electronics, and more"
Coches.net Scraper,Gen First,https://apify.com/ivanvs/coches-net-scraper?fpr=youssef,other-ecommerce,5,130,2.6,2,"Extract data from coches.com for data on thousands of car listings. Scrape car listings, extract descriptions, images, prices, mileage, contact number, addresses, names, engine information, the transmission of the car, and all other listing details"
Gumtree.com Listing Scraper,Alam,https://apify.com/sync-network/gumtree-com-listing-scraper?fpr=youssef,global-marketplaces,5,122,,0,"Efficiently scrape and collect classified listings from Gumtree with customizable search filters, price ranges, and date options. Ideal for market research, price tracking, and data collection"
EAN & UPC GTIN Product Lookup Database,SR,https://apify.com/s-r/ean-upc-gtin-product-lookup-database?fpr=youssef,other-ecommerce,5,121,,0,"Instantly retrieve detailed info about manufacturer, title, descriptions and country using EAN, UPC, or GTIN codes. The ultimate database solution for e-commerce data enrichment"
"Google Flights Scraper - Prices, Airlines & Schedules",Yuliia Kulakova,https://apify.com/brilliant_gum/google-flights-scraper?fpr=youssef,price-comparison,5,120,,0,"99%+ reliable Google Flights scraper. Extract flight numbers, prices, schedules, aircraft types with advanced filtering. One-way & round-trip support. Protocol Buffers encoding. Perfect for travel apps, price monitoring, market research"
Wayfair.com Scraper,123 Webdata,https://apify.com/123webdata/wayfair-scraper?fpr=youssef,us-retailers,5,116,5,1,"Fast | Quick Support | Scrape Wayfair.com category and product pages; get prices, brands, materials, and ratings. Export JSON or CSV for price monitoring and product research"
Amazon Seller Info Scraper,Pinto Studio,https://apify.com/pintostudio/amazon-seller-info-scraper?fpr=youssef,amazon,5,91,,0,The Amazon Seller Info Actor is an Apify actor designed to extract comprehensive seller information from Amazon marketplace
Facebook Marketplace Scraper,Sachin Kumar Yadav,https://apify.com/igview-owner/facebook-marketplace-data-scraper?fpr=youssef,global-marketplaces,5,90,1,1,"Search Facebook Marketplace by keyword and location. Extract listings with price, images, city/state, and delivery types. Clean JSON output for analytics"
Ultimate Facebook Ad Library Scraper,Abbas Meb,https://apify.com/enrich-stream/ultimate-fb-ad-library-scraper?fpr=youssef,ads-and-trends,5,89,4.2,2,"Scrape Facebook ad data to uncover market trends and competitor strategies - fast, lightweight, and designed to maximize your ad ROI"
Mercari Search Scraper,scrape anything,https://apify.com/gauzy_penguin/mercari-search-scraper?fpr=youssef,global-marketplaces,5,77,5,4,"A robust, production-ready Apify actor for scraping product listings from Mercari.com. This actor extracts comprehensive product data including pricing, conditions, categories, and seller information with enterprise-grade reliability and error handling"
Allegro Listings Scraper,FalconScrape,https://apify.com/piotrv1001/allegro-listings-scraper?fpr=youssef,global-marketplaces,5,71,5,2,"The Allegro Listings Scraper enables quick and efficient data extraction from allegro.pl, allegro.cz, and allegro.sk. It gathers information from listing pages on one of Europe’s leading e-commerce marketplaces, providing valuable insights for market analysis and price monitoring"
Kijiji.ca,Youssef Farhan,https://apify.com/fayoussef/kijiji-scraper?fpr=youssef,other-ecommerce,5,67,,0,"Efficiently scrapes Kijiji.ca listings: vehicles, real estate, and more. Extracts detailed data including phone number, price, location, specs, and images from search results (with pagination) or direct ad URLs. Ideal for market research and data collection"
AutoTrader Car Listings Scraper,ParseForge,https://apify.com/parseforge/autotrader-scraper?fpr=youssef,other-ecommerce,5,66,,0,"Scrapes AutoTrader.com vehicle listings by ZIP code with full filters or a direct search URL. Returns each listing as a flat row with price, mileage, year, VIN, dealer details, and vehicle history flags"
Mercadolibre Seller Competition Monitoring,SASWAVE,https://apify.com/saswave/mercadolibre-sellers-monitoring?fpr=youssef,espana-latam,5,59,,0,"Monitor competitors, prices, sellers, and marketplace positions for any MercadoLibre product (all country domains supported). Extract seller level data from product offer listings to help you track competition and buy box positioning in real time"
E-Commerce Tech Stack Detector,Trove Vault,https://apify.com/trovevault/e-commerce-tech-stack-detector?fpr=youssef,shopify-stores,5,46,,0,"Instantly detect which e-commerce platform any online store is running and which apps and technologies are installed, all from a simple URL input. No API key required"
Otto.de Scraper,Shahid Irfan,https://apify.com/shahidirfan/otto-de-scraper?fpr=youssef,global-marketplaces,5,41,5.0,6,"Unlock comprehensive product data from Germany's premier online retailer! Instantly extract prices, descriptions, images, and reviews from Otto.de. Ideal for market analysis, price monitoring, and e-commerce growth. Get structured data for your business effortlessly!"
Agoda Hotels Scraper,Shahid Irfan,https://apify.com/shahidirfan/agoda-hotels-scraper?fpr=youssef,reviews,5,41,5.0,5,"Extract real-time hotel data from Agoda including prices, availability, reviews & room details. Perfect for market research, rate monitoring & travel analytics. Get structured data instantly"
Competitor Marketing Change Monitor,HappiTap,https://apify.com/happitap/competitor-marketing-change-monitor?fpr=youssef,other-ecommerce,5,35,5,8,"Founders often miss competitor moves like pricing, messaging, or CTA changes. This actor monitors competitor websites and highlights what changed, where it changed, and why it matters - helping growth teams react faster and stay ahead"
Carrefour MAF Scraper [] - Groceries (7 Markets),Black Falcon Data,https://apify.com/blackfalcondata/carrefour-maf-scraper?fpr=youssef,espana-latam,5,30,,0,Scrape Carrefour MAF groceries across 7 Majid Al Futtaim markets - UAE · Saudi · Egypt · Qatar & 3 more · live prices in English or Arabic. Incremental mode tracks new and changed products across scheduled runs
Asos Product Scraper,Shahid Irfan,https://apify.com/shahidirfan/Asos-Product-Scraper?fpr=youssef,global-marketplaces,5,29,5,3,"Extract comprehensive product data from ASOS instantly. Scrape prices, images, descriptions, and SKU details from the global fashion retailer. Ideal for price monitoring, competitor analysis, and trend tracking. Residential proxies are highly recommended for seamless scraping"
Made In China Scraper,Akash Kumar Naik,https://apify.com/akash9078/made-in-china-scraper?fpr=youssef,chinese-marketplaces,5,29,,0,"Extract comprehensive product data from made-in-china.com supplier stores including pricing, specifications, certifications, and supplier details"
Mercado Libre Listings Scraper,karamelo,https://apify.com/karamelo/mercado-libre-listings-scraper?fpr=youssef,espana-latam,5,28,,0,"Extract Mercado Libre search listings across Latin America. Get products, prices, reviews, seller details, ratings, shipping, and detailed product enrichment"
Social Media Phone Number Scraper - Cheapest (All-in-One),Storm_Scraper,https://apify.com/scrapestorm/social-media-phone-number-scraper---cheapest-all-in-one?fpr=youssef,other-ecommerce,5,27,,0,"Scrape Phone Numbers Easily Enter your search parameters (e.g. keyword & platform) to collect verified contact phone numbers along with title, snippet, source URL & platform info Perfect for lead generation, prospecting, business outreach & data enrichment with tools like Google Sheets"
Google Shopping Price Tracker - Offers & Price History,SIÁN OÜ,https://apify.com/sian.agency/google-shopping-price-scraper?fpr=youssef,price-comparison,5,26,,0,"Track Google Shopping prices across every retailer. Product search, cross-store offers, full price history, reviews and deals in one actor - clean JSON, pay per result. Built for price monitoring, competitor price tracking and product price intelligence"
eBay Search Scraper,Kevin,https://apify.com/burbn/ebay-search-scraper?fpr=youssef,ebay-etsy,5,26,,0,"Search eBay products by keyword across 20+ global marketplaces. Extract product titles, prices, discounts, seller ratings, shipping info, conditions & more. Filter by condition, buying format, price range & listing attributes. Supports US, UK, Germany, France, Australia, Canada & 15+ eBay domains"
Milanuncios Scraper,Muhamed Didovic,https://apify.com/memo23/milanuncios-scraper?fpr=youssef,espana-latam,5,23,,0,"Scrape Milanuncios classifieds by keyword, category or ad URL. One row per ad: title, price, city/province, 4-level category tree, images, publish date and seller type (private vs professional). Spanish residential proxy included. Optional attributes + contact flags"
iFood Scraper | Brazil Restaurants Menus Reviews,kane liu,https://apify.com/lentic_clockss/ifood-scraper?fpr=youssef,reviews,5,22,,0,"Scrape iFood Brazil (ifood.com.br): restaurants, mercado, full menus with prices, ratings, delivery fees, and reviews. Search by city, CEP, cuisine, chain, or merchant URL across all 27 UFs. Export CSV/Excel/JSON. Unofficial - not affiliated with iFood"
Sephora Reviews Scraper,Shahid Irfan,https://apify.com/shahidirfan/Sephora-Reviews-Scraper?fpr=youssef,us-retailers,5,21,5,3,"Scrape Sephora reviews & ratings to analyze product sentiment, track competitor feedback, and drive beauty e-commerce decisions. Collect detailed customer reviews, ratings, and metadata for market intelligence"
Woot by Amazon Scraper,Shahid Irfan,https://apify.com/shahidirfan/Woot-By-Amazon-Scraper?fpr=youssef,amazon,5,19,5.0,3,"Extract daily deals and exclusive offers from Woot! Scrape product details, pricing, and limited-time sales data efficiently. Perfect for e-commerce insights, price monitoring, and retail arbitrage. For reliable results and seamless access, use residential proxies"
Marktplaats Listings Scraper,FalconScrape,https://apify.com/piotrv1001/marktplaats-listings-scraper?fpr=youssef,global-marketplaces,5,16,,0,"The Marktplaats Listings Scraper extracts listings from Marktplaats.nl, capturing titles, prices, descriptions, sellers and verification status, locations, categories, attributes, images and bidding info across every category - ideal for price monitoring, market research, and resale sourcing"
MachineryTrader Search Scraper,PowerAI,https://apify.com/powerai/machinerytrader-search-scraper?fpr=youssef,other-ecommerce,5,15,5,1,"Scrape heavy machinery listings from MachineryTrader.com by providing a search URL, with automatic pagination and comprehensive equipment information extraction"
Amazon Search & Best Sellers Scraper,Gopalakrishnan,https://apify.com/gopalakrishnan/amazon-search-scraper?fpr=youssef,amazon,5,14,,0,"Scrape Amazon keyword search results or Best Sellers category lists into structured data â ASIN, title, price, rating, rank, and product link. Pay-per-result pricing, automatic residential proxy rotation, and no Amazon API or coding needed"
Milanuncios Scraper [] - Spanish Car Listings,Black Falcon Data,https://apify.com/blackfalcondata/milanuncios-scraper?fpr=youssef,espana-latam,5,13,,0,Scrape milanuncios.com - Spain's biggest classifieds - car listings by brand · region · price · year · mileage · fuel & gearbox with full specs & photo gallery. Incremental mode tracks new and changed listings across scheduled runs
MercadoLibre Scraper,ParseBird,https://apify.com/parsebird/mercadolibre-scraper?fpr=youssef,espana-latam,5,13,,0,"Scrape MercadoLibre products, reviews, buyer Q&A, and sellers across 9 LATAM marketplaces. One actor replaces Search, Product, Reviews, and Seller scrapers"
Yahoo! Chiebukuro 知恵袋 Q&A Scraper,Research Master,https://apify.com/research_master/yahoo-chiebukuro-scraper?fpr=youssef,other-ecommerce,5,7,5,1,"Search and collect public Yahoo! Chiebukuro questions, best answers, other answers, replies, public author fields, engagement, categories, and auditable coverage records"
U Ecommerce Scraper,Dennis,https://apify.com/kalirobot/u-ecommerce-scraper?fpr=youssef,other-ecommerce,4,278,1.4,3,"An intelligent, universal e-commerce scraper for Apify that automatically detects 6+ store systems, finds product data via sitemaps or deep crawling, and normalizes it into a clean, structured format"
OLX Scraper,123 Webdata,https://apify.com/123webdata/olx-scraper?fpr=youssef,global-marketplaces,4,245,5,1,"Fast | Quick Support | Scrape OLX category, search, filtered, and seller pages; get prices, descriptions and images, listing attributes, and seller details. Export JSON or CSV for price monitoring and market research"
Facebook Marketplace Vehicle Scraper + Real Time Notifications,Raidr API,https://apify.com/raidr-api/facebook-marketplace-vehicle-scraper?fpr=youssef,global-marketplaces,4,179,5,4,"Scrape Facebook Marketplace vehicles by make, model, year, price, and mileage. Features exact listing dates, real-time Discord notifications, smart age filtering, and deduplication. Optimized for lowest cost per run using advanced extraction techniques. Export to JSON, CSV, or Excel"
Vinted Scraper,123 Webdata,https://apify.com/123webdata/vinted-scraper?fpr=youssef,global-marketplaces,4,166,4.9,2,"Fast | Quick Support | Scrape Vinted item, category, and search pages; get prices, condition, sizes, and seller details. Export JSON or CSV for second-hand price tracking and resale-market research"
Zara Product Scraper,EasyApi,https://apify.com/easyapi/zara-product-scraper?fpr=youssef,shopify-stores,4,164,,0,"Powerful Zara product scraper that extracts detailed product information including prices, variants, images, and availability from Zara's online store. Perfect for e-commerce analytics, price monitoring, and market research"
Ultimate Walmart Scraper,Eneiro Matos,https://apify.com/eneiromatos/ultimate-walmart-scraper?fpr=youssef,us-retailers,4,164,,0,"This is the ultimate web scraping tool for extracting the most relevant data points from products on Walmart.com! Developed by an expert software developer, this powerful scraper is a fast and reliable tool for all your web scraping needs"
Meesho Product Detail Scraper,EasyApi,https://apify.com/easyapi/meesho-product-detail-scraper?fpr=youssef,global-marketplaces,4,152,,0,"Scrape detailed product information from Meesho.com, including prices, reviews, ratings, shipping details, and seller information. Perfect for market research, price monitoring and competitive analysis"
Jumia Product Scraper,EasyApi,https://apify.com/easyapi/jumia-product-scraper?fpr=youssef,global-marketplaces,4,145,5.0,2,"Scrape product listings from Jumia e-commerce platform. Extract detailed product information including prices, ratings, seller details, and more. Perfect for market research and price monitoring"
Instagram Phone Number Scraper - Cheapest & Reliable,ContactMinerLabs,https://apify.com/contactminerlabs/instagram-phone-number-scraper---cheapest-reliable?fpr=youssef,other-ecommerce,4,142,,0,"Scrape Mass/Bulk Instagram Phone Numbers Enter your search parameters to collect verified phone numbers from Instagram profiles, along with profile title, bio snippet, country, source URL & platform info Perfect for lead generation and contact enrichment in tools like Google Sheetsor CRMs"
Sainsbury's Scraper,Nataniel Santos,https://apify.com/natanielsantos/sainsbury-s-scraper?fpr=youssef,us-retailers,4,141,5,2,"Scrape product data from Sainsbury's Groceries webiste, the biggest supermarket chain based in the United Kingdom. Extract price, image, description, nutrition info, promotions and more. Download your data as HTML table, JSON, CSV, Excel, XML, and RSS feed"
Faire Brand Scraper,SASWAVE,https://apify.com/saswave/faire-brand-scraper?fpr=youssef,amazon,4,135,,0,"Faire.com scraper. Extract brands information listing and similar brands. Provide lists of brands urls to monitor. Stay updated on your competition. Get data about social accounts, product count, business VAT, country, minimum order amount, is selling on amazon, discounts and more"
Just Eat Restaurant Menu Scraper,EasyApi,https://apify.com/easyapi/just-eat-restaurant-menu-scraper?fpr=youssef,price-comparison,4,121,1,1,"Extract detailed menu data from Just Eat restaurant pages including items, prices, variations, deals, and nutritional information. Perfect for food delivery analytics, menu research, and price monitoring"
Facebook Marketplace Listings Scraper,HappiTap,https://apify.com/happitap/facebook-marketplace-listings-scraper?fpr=youssef,global-marketplaces,4,120,,0,"Extracts product listings from Facebook Marketplace search pages. Simply provide one or more Marketplace search URLs, and the Actor will automatically scrape all listing cards with titles, prices, locations, seller information, and optionally visit each listing's detail page to get full info"
Haraj Scraper & API حراج (2026),Zen Studio,https://apify.com/zen-studio/haraj-scraper?fpr=youssef,other-ecommerce,4,87,,0,"Haraj scraper and unofficial Haraj API to extract listings from Haraj.com.sa. Scrape cars, real estate, electronics, jobs, and 20+ categories. Filter by city, category, seller, or keyword. Get structured data with prices, images, seller info, and location from Saudi Arabia's largest marketplace"
Store Leads Scraper | Shopify Data,SilentFlow,https://apify.com/silentflow/storeleads-scraper-ppe?fpr=youssef,shopify-stores,4,83,,0,"Pay-per-result Store Leads scraper. Look up Shopify, WooCommerce, BigCommerce stores by domain or search with filters. Extract traffic, sales, employees, technologies, social profiles (Instagram, Facebook, TikTok), contact emails, and 80+ fields per store"
Shopify App Store Scraper | All-In-One,Fatih Tahta,https://apify.com/fatihtahta/shopify-app-store-scraper?fpr=youssef,shopify-stores,4,78,3.1,2,"Captures rich profiles for listed apps on Shopify App Store Marketplace. Get deduped clean results including pricing, ratings, developer info, and highlights and more. Ideal for product research, competitive tracking or partner discovery"
Lemon8 Scraper Profile | Posts,TicTech,https://apify.com/tictechid/vanzi-lemon8-scraper?fpr=youssef,other-ecommerce,4,65,5,1,"Scrape Lemon8 profiles effortlessly with this powerful Actor. Get detailed profile metrics, post engagement data, captions, and media URLs for influencer research, competitor analysis, content strategy, and social media intelligence"
Courtyard.io Scraper,devcake,https://apify.com/devcake/courtyard-io-scraper?fpr=youssef,other-ecommerce,4,62,,0,"Extract real-time graded card sales data. Track Pokemon & sports card prices, PSA/BGS/CGC grades, and Fair Market Value estimates"
"Amazon Scraper - ASINs, Prices & Rankings",Shop Intel,https://apify.com/scrapeio/amazon-scraper?fpr=youssef,amazon,4,58,5,4,"Amazon scraper for 23 marketplaces. Extract ASINs, titles, prices, sponsored flags, and search rank. Up to 10,000 products per run. No SP-API. Apify AI, MCP, and Cursor ready"
iHerb Product Scraper,Shahid Irfan,https://apify.com/shahidirfan/iHerb-product-scraper?fpr=youssef,reviews,4,54,5,7,"Extract detailed product data from iHerb with blazing speed! Instantly gather pricing, images, reviews, and descriptions for supplements, beauty, and health items. Built for high-performance data extraction and market analysis. Get accurate results in seconds without complex configurations"
Kroger Fast Product Scraper,E Commerce,https://apify.com/e-commerce/kroger-fast-product-scraper?fpr=youssef,us-retailers,4,47,5,1,"Scrape grocery product listings from Kroger.com category and search pages, including title, price, brand, upc, images, and inStock status. Export data, run via API, schedule and monitor runs, or integrate with other tools"
TeePublic Scraper,EasyApi,https://apify.com/easyapi/teepublic-scraper?fpr=youssef,price-comparison,4,46,5,1,"Scrape product listings from TeePublic.com including design details, pricing, images and more. Perfect for market research, price monitoring and product analysis"
Milanuncios Search Scraper,Stealth mode,https://apify.com/stealth_mode/milanuncios-search-scraper?fpr=youssef,espana-latam,4,42,,0,"Scrape product listings from Milanuncios.com search pages in bulk. Extract price, location, seller type, images, dates, and 25+ fields per listing - perfect for market research, price monitoring, and competitive analysis in the Spanish classifieds market"
Willhaben.at Scraper - Austria's Largest Classifieds,Black Falcon Data,https://apify.com/blackfalcondata/willhaben-all-scraper?fpr=youssef,other-ecommerce,4,33,,0,Scrape willhaben.at - Austria's largest classifieds platform across every section · listings from any pasted search URL · price & attribute fields per item. Incremental mode tracks new and changed listings across scheduled runs
MercadoLibre Chile Local Stock Scraper,Javier Chame,https://apify.com/jchame/mercadolibre-chile-scraper?fpr=youssef,espana-latam,4,28,5,1,"Scrape mercadolibre.cl search pages for Chile marketplace evidence: CLP prices, ratings, sold text, canonical URLs, Envio local filters, local vs international/import signals, and VIP item-detail shipping/quantity fields. Best for simple Chile checks and diagnostics; use Atomic for large jobs"
Beckett Scraper - BGS Population Report & Online Price Guide,BowTiedRaccoon,https://apify.com/jungle_synthesizer/beckett-bgs-population-price-guide-scraper?fpr=youssef,other-ecommerce,4,28,,0,"Scrape Beckett.com for BGS population report data. Get per-card grade-by-grade BGS counts (Pristine 10, Gem Mint 9.5, Mint 9, NM-Mint+...). Cert-lookup mode verifies BGS/BVG/BCCG slabs. Filter by sport, set, player. Built for slab investors and collectors"
Nike Scraper | Fast & Reliable,Fatih Tahta,https://apify.com/fatihtahta/nike-scraper?fpr=youssef,other-ecommerce,4,26,,0,"Scrape Nike.com for product listings, capture names, SKUs, colorways, prices, promotions, images, badges, and attributes, ideal for price tracking, assortment monitoring, and product research"
DHgate Products Scraper,Shahid Irfan,https://apify.com/shahidirfan/dhgate-products-scraper?fpr=youssef,chinese-marketplaces,4,26,5,3,"Unlock global wholesale data with this powerful tool. Instantly extract pricing, images, and product details from DHgate for dropshipping or market research. Optimized for speed and accuracy. Residential proxies are recommended for the best stability and results"
Iherb Reviews Scraper,SASWAVE,https://apify.com/saswave/iherb-reviews-scraper?fpr=youssef,reviews,4,25,,0,"A fast and reliable scraper to extract customer reviews from iHerb product pages. It collects review content, ratings, images, verified purchase status, and reviewer profile info, providing structured data for analysis and insights"
Chemist Warehouse Product Scraper,ParseForge,https://apify.com/parseforge/chemist-warehouse-scraper?fpr=youssef,other-ecommerce,4,24,,0,"Scrapes Chemist Warehouse Australia product listings by keyword, category, or brand. Returns each product as a flat row with price, stock status, and full details"
Tabelog Japan Restaurant Scraper,Piquno,https://apify.com/piquno/tabelog-japan-restaurant-scraper?fpr=youssef,reviews,4,22,,0,"Scrape Tabelog (食べログ) restaurant data across Japan's 47 prefectures: ratings, review counts, cuisine, budgets, nearest station, award badges and photos. Turn on details for address, phone, opening hours and payment methods, or reviews for reviewer, score, visit month and a short review preview"
COMC Scraper - Sports Cards & TCG Listings,lulz bot,https://apify.com/lulzasaur/comc-scraper?fpr=youssef,other-ecommerce,4,19,,0,"Scrape sports card and trading card listings from COMC.com. Get title, player/subject, year, set, card number, price, condition, grade, grading company, image, and URL. Search by keyword like 'charizard' or 'michael jordan'"
Tesco Products Scraper,Shahid Irfan,https://apify.com/shahidirfan/tesco-products-scraper?fpr=youssef,us-retailers,4,16,5,3,"Harvest Tesco product data fast: prices, ratings, availability, and descriptions. Built for price monitoring, market research, and competitive intelligence. Perfect for retail analytics and e-commerce insights at scale"
"Mercado Libre Scraper - Products, Prices & Sellers",Scrape Sage,https://apify.com/scrapesage/mercadolibre-scraper?fpr=youssef,espana-latam,4,14,,0,"Scrape Mercado Libre / Mercado Livre across 14 LATAM marketplaces: products, prices, discounts, units sold, ratings, sellers, variations, full specs & reviews. Search, category, product or seller URLs. Price monitoring, seller leads & multi-country research"
"Weidian Scraper: 微店 Item Price, Stock, SKUs & Shop Rating Data",GetAScraper,https://apify.com/getascraper/weidian-scraper?fpr=youssef,reviews,4,12,5,1,"Scrape Weidian (微店) product listings and merchant shop data by item URL or shop URL. Get price, sales count, stock, images, SKU variants, and shop rating for cross-border sourcing and competitive intelligence. Built for dropshippers and sourcing agents. No login required"
Instagram Reels Downloader,AgentX,https://apify.com/agentx/instagram-reels-downloader?fpr=youssef,other-ecommerce,4,12,,0,"Process one publicly accessible Instagram post or Reel for structured metadata, source-dependent comments, and an optional stored video file"
Argos Price Tracker,TrueFetch,https://apify.com/truefetch/argos-price-tracker?fpr=youssef,us-retailers,4,8,,0,"An argos price tracker api that searches the United Kingdom catalog and returns 55-field price, availability, rating, identifier, image, rank, and source records through three inputs"
MercadoLibre Scraper - Products Reviews Q&A Sellers Inventory,karamelo,https://apify.com/karamelo/mercadolibre-scraper-products-reviews-qa-sellers?fpr=youssef,espana-latam,4,8,,0,"Extract products, reviews, buyer Q&A, and seller storefront profiles with detailed datapoints from MercadoLibre LATAM: AR, BO, BR, CL, CO, CR, DO, EC, GT, HN, MX, NI, PA, PY, PE, SV, UY y VE"
Wallapop Spain Marketplace Listings Scraper,Automation Lab,https://apify.com/automation-lab/wallapop-marketplace-scraper?fpr=youssef,espana-latam,4,7,,0,"Extract public Wallapop Spain listings by keyword, location, price, category, condition, date, or search URL. Export typed prices, photos, seller IDs, shipping flags, and optional detail metrics - no login required"
Zomato Restaurant Reviews Scraper,Factden,https://apify.com/factden/zomato-restaurant-reviews-scraper?fpr=youssef,reviews,4,6,5.0,3,"Scrape Zomato restaurant reviews at scale - ratings, full review text, reviewer, owner responses, plus a per-restaurant lead record (phone, address, geo, cuisines, cost, rating). Paste restaurant URLs, city/locality listing URLs, or IDs. Filter by rating/date; export JSON/CSV"
Rakuten Japan Scraper | Ichiba Listings Prices,kane liu,https://apify.com/lentic_clockss/rakuten-scraper?fpr=youssef,global-marketplaces,4,6,,0,"Scrape Rakuten Japan (Ichiba) - keyword search, genres, item PDP, shops & rankings. Extract itemId, JPY prices, shop codes, shipping, points, reviews. Export Excel/CSV/JSON for price monitoring & catalog research"
Sitemap Structure Analyzer,One Scales,https://apify.com/onescales/sitemap-structure-analyzer?fpr=youssef,other-ecommerce,4,5,5,2,"Analyze any website's sitemap in seconds using sitemap.xml data. Get URL counts by type (product, blog, docs), content freshness, URL patterns, and SEO anomalies - no page fetching required"
Yupoo Images Downloader,Pizani,https://apify.com/pizani/yupoo-images-downloader?fpr=youssef,other-ecommerce,3,853,5,1,"Efficiently download and zip all product images from any Yupoo album. Ideal for suppliers, importers, and e-commerce automation"
Yelp Advanced Data Scraper,Zebu Data,https://apify.com/delicious_zebu/yelp-advanced-data-scraper?fpr=youssef,reviews,3,408,5,29,"Search Yelp by keyword and location, or paste filtered search URLs, and get a full record per business: rating, reviews, phone, website, hours, amenities, popular dishes, health scores and Q&A. Filter by price, sort and language. Built for market research"
Meesho Reviews Scraper,EasyApi,https://apify.com/easyapi/meesho-reviews-scraper?fpr=youssef,global-marketplaces,3,404,5,4,"Extract detailed product reviews from Meesho.com, including ratings, comments, review images, and author information. Perfect for market research, sentiment analysis, and product feedback monitoring"
AliExpress Product Scraper - Supplier Score & Profit Calculator,Theo Sanz,https://apify.com/sanztheo/my-actor?fpr=youssef,chinese-marketplaces,3,236,,0,"Extract AliExpress products with supplier reliability scores (0-100) and automated profit calculator for dropshipping. Supports Amazon FBA, eBay, Shopify. Includes import tariffs 2025, ROI analysis, multi-region (FR, EN, ES, DE, IT). Playwright stealth anti-detection with session rotation"
Etsy Listings Scraper,FalconScrape,https://apify.com/piotrv1001/etsy-listings-scraper?fpr=youssef,ebay-etsy,3,174,1,3,"The Etsy Listings Scraper efficiently extracts product data from Etsy pages, capturing titles, images, brands, prices, and product URLs. Ideal for market analysis, competitor tracking, and e-commerce research"
Cargurus.com Scraper,Lexis Solutions,https://apify.com/lexis-solutions/cargurus-com?fpr=youssef,price-comparison,3,151,5,3,"Scrape car listings from CarGurus - including makes, models, prices, mileage, dealer info, and reviews. Ideal for automotive market analysis, price comparison, and lead generation. Fast, structured, and customizable extraction from a top vehicle marketplace"
Skool classroom Content scraper,Shaheer khan,https://apify.com/khanshaheer076/skoolscraperapify?fpr=youssef,other-ecommerce,3,124,2.0,3,"Skool Classroom Content Scraper A powerful web scraper designed to extract comprehensive content from Skool Classroom courses. This scraper enables automated collection of course materials, modules, videos, and content from multiple classrooms in a single run"
YouTube Ads Scraper | Video Creatives & Landing Pages,Xtech,https://apify.com/xtech/youtube-ads-scraper?fpr=youssef,other-ecommerce,3,114,,0,"Find public YouTube ad video creatives by brand, domain, or advertiser ID. Export video URLs and landing pages, with optional YouTube metadata enrichment"
"Amazon Seller Lookup - Business Name, Address, Phone & Ratings",Jaybird Technologies,https://apify.com/jaybird/amazon-seller-info-scraper?fpr=youssef,amazon,3,109,,0,"Look up Amazon seller business info by Seller ID: name, address, phone, ratings & feedback score, clean JSON"
TikTok Ads Spy,Kevin,https://apify.com/burbn/tiktok-top-ads-spy?fpr=youssef,ads-and-trends,3,102,,0,"Uncover trending TikTok ads across 80+ countries. Filter by Spark Ads, objective, and industry. Download high-converting creatives for your ad campaigns"
Walmart Product Scraper,Pratik Dani,https://apify.com/pratikdani/walmart-product-scraper?fpr=youssef,us-retailers,3,93,5,1,"A data extraction actor specializing in Walmart's product catalog. Efficiently retrieves product details, pricing, availability, and reviews, providing structured data for market analysis, competitor monitoring, and e-commerce applications, ensuring accurate and up-to-date information"
MercadoLibre Product Scraper,Crawler Bros,https://apify.com/crawlerbros/mercadolibre-scraper?fpr=youssef,espana-latam,3,93,1,1,"Scrape products from MercadoLibre across Mexico. Returns product title, price, currency, condition, seller, thumbnail, and permalink"
GetYourGuide,Vanderlei Catanzaro,https://apify.com/vanderleicatanzaro/getyourguide?fpr=youssef,reviews,3,83,,0,"Scrape GetYourGuide tours & activities worldwide! Support for 29 languages, 38 currencies, automatic affiliate link generation. Extract prices, ratings, reviews, photos & descriptions. Perfect for travel sites, agencies & affiliate marketers. Fast & reliable!"
"Fast Phone Number Extractor | Bulk, Any Website & Low Cost",Muzaffer Kadir YILMAZ,https://apify.com/muzafferkadir/fast-phone-number-extractor?fpr=youssef,other-ecommerce,3,76,,0,"Fast Phone Number Extractor efficiently extracts phone numbers from static websites at high speed while keeping usage costs low. It detects various number formats, supports country code filtering. Ideal for cost-effective web scraping projects"
"Google Reviews Scraper - Full History, Flat Fee, No API Key",Tomas Lebedinskas,https://apify.com/godberry/google-reviews-scraper?fpr=youssef,reviews,3,60,,0,"Get the full review history of any Google Maps business by name - no URL, no Place ID, no Google API key. Returns text, ratings, ISO dates, reviewer profiles, owner replies and photos as JSON/CSV. Flat fee per place (-); failed runs and blank reviews cost"
Wildberries Scraper By URL - Cheap дешёвый Вайлдберриз,Storm_Scraper,https://apify.com/scrapestorm/wildberries-scraper-by-url---cheap-deshyovyy-vayldberriz?fpr=youssef,global-marketplaces,3,57,4.9,12,"Easily collect product listings from Wildberries ягодки, one of Russia’s largest e-commerce platforms. Simply enter a URL to extract key details like name, brand, price, discount, availability & images Seamlessly integrate with ur analytics tools for price tracking or competitor analysis!"
"Allegro Seller Scraper - Prices, EAN, SKU, Images, Specs (PL)",FlareWOW,https://apify.com/liveclaude/allegro-seller-scraper?fpr=youssef,global-marketplaces,3,55,,0,"Scrape full seller catalogs from Allegro.pl - Poland's #1 e-commerce marketplace. Extract URL, name, price, EAN, SKU, descriptions, parameters, images. DataDome bypass included. Built by Klevio - Polish e-commerce specialists"
Amazon Product Data Scraper,agi,https://apify.com/laisidata/amazon-product-data-scraper?fpr=youssef,amazon,3,54,4.5,3,"A powerful and reliable Apify actor designed for real-time scraping of Amazon product pages. Retrieve structured product data - including pricing, availability, ratings, and more - through a simple API call. Ideal for price monitoring, market research, and competitor analysis"
PriceCharting Prices Scraper,PowerAI,https://apify.com/powerai/pricecharting-pokemon-prices-scraper?fpr=youssef,other-ecommerce,3,53,,0,"Scrape trading card prices from PriceCharting by search URL, with automatic pagination and price data extraction"
Flatfox.ch Scraper Estate Data,Azzouzana,https://apify.com/azzouzana/flatfox-ch-scraper?fpr=youssef,other-ecommerce,3,50,5,1,"Flatfox Scraper Export Swiss apartments, flats for rent & real estate listings to CSV/JSON via Search URL. Extract property data, rental prices, images, location metrics & landlord leads across Switzerland. Built for real estate investors & agencies needing fast B2B data extraction"
Sephora Scrapper,Happy Endpoint,https://apify.com/happyendpoint/sephora-scrapper?fpr=youssef,us-retailers,3,47,5,1,"Access real-time Sephora.com data with lightning-fast APIs. Get product info, reviews, pricing, inventory, and store locations - all in one powerful beauty data solution Beauty & Fashion"
H&M,datasaurus,https://apify.com/datasaurus/hm-products?fpr=youssef,other-ecommerce,3,47,,0,Scrape products from H&M websites. All countries and languages. Fast and efficient
Jumia Scraper + AI Product & Arbitrage Analysis,buseta,https://apify.com/buseta/jumia-advanced-scraper?fpr=youssef,global-marketplaces,3,47,,0,"Scrape Jumia products with AI-powered analysis. Get prices in NGN and USD, ratings, reviews, and seller info. AI analyzes product quality, price fairness, and cross-border arbitrage potential vs AliExpress. AI market report with best deals and arbitrage opportunities"
Myntra Reviews Scraper,Shahid Irfan,https://apify.com/shahidirfan/myntra-reviews-scraper?fpr=youssef,global-marketplaces,3,46,5,4,"Extract detailed customer reviews and ratings from Myntra product pages instantly. Ideal for sentiment analysis, competitor monitoring, and e-commerce research. Reliable data extraction for your business needs. Residential proxies are recommended for best performance"
Instacart Grocery Price Index,Shahid Irfan,https://apify.com/shahidirfan/Instacart-Grocery-Price-Index?fpr=youssef,us-retailers,3,44,5,2,"Track Instacart grocery prices, product trends, and price changes across stores and categories. Collect structured pricing data to analyze grocery inflation, compare retailers, monitor market trends, power price intelligence, research, analytics, and competitive insights"
Ikea Scraper,Happy Endpoint,https://apify.com/happyendpoint/ikea-scraper?fpr=youssef,global-marketplaces,3,43,5,1,"The fastest and most complete Ikea Data API. Access real-time product data, search the full catalog by keyword, get complete product details for many countries"
Redfin Real Estate Scraper,Crawler Bros,https://apify.com/crawlerbros/redfin-scraper?fpr=youssef,other-ecommerce,3,42,,0,"Extract property listings from Redfin including price, beds, baths, sqft, address, coordinates, photos, listing remarks, and more. Uses Redfin's internal GIS API for reliable structured data"
Encar Listings Scraper,FalconScrape,https://apify.com/piotrv1001/encar-listings-scraper?fpr=youssef,other-ecommerce,3,42,,0,"The Encar Listings Scraper extracts car listings from Encar.com, South Korea's largest used-car marketplace, capturing make, model, trim, year, mileage, price, fuel type, transmission, dealer, region, and photos - ideal for price analysis, market research, and vehicle sourcing"
Carwale Scraper,Shahid Irfan,https://apify.com/shahidirfan/Carwale-Scraper?fpr=youssef,other-ecommerce,3,41,5,3,"Extract detailed vehicle data from Carwale, India's leading automotive portal. Efficiently gather specs, pricing, and listings for new and used cars. Perfect for market research and inventory tracking. For uninterrupted extraction and optimal results, using residential proxies is highly recommended"
"Saudi Real Estate - Bayut, Wasalt, Aqar.fm, PropertyFinder",Omar Eldeeb,https://apify.com/constructive_calm/saudi-real-estate-scraper?fpr=youssef,other-ecommerce,3,39,5,1,"Saudi-only real estate intelligence across 4 verified platforms: Bayut.sa (72K listings), Wasalt.sa PIF-owned (24K), Aqar.fm, PropertyFinder.sa. REGA license cross-reference, installment plans, Vision 2030 zone tagging, Arabic district normalization"
Canadiantire.ca Scraper Data Extractor,Azzouzana,https://apify.com/azzouzana/canadiantire-ca-scraper?fpr=youssef,other-ecommerce,3,39,,0,"Canadian Tire Scraper: Export Canada retail product listings & e-commerce data to CSV/JSON via Search URL. Extract market prices, inventory status, SKU, specs & deals across Canada. Built for competitor monitoring, retail price matching & fast B2B data extraction. Proxy-optimized & fast!"
Amazon Seller Monitoring,Scrape Smith,https://apify.com/scrapesmith/amazon-seller-monitoring?fpr=youssef,amazon,3,37,,0,"seller on any Amazon ASIN - buy-box winner, prices, discounts, item condition, seller ratings, shipping, and 24+ fields per offer. Accepts plain ASINs or product URLs across 20+ Amazon marketplaces. Built for repricing feeds, brand protection, and competitor monitoring"
Tesco Scraper,Happy Endpoint,https://apify.com/happyendpoint/tesco-scraper?fpr=youssef,us-retailers,3,34,5,1,"Real-time Tesco UK & Ireland Data. Scrape product details, live pricing, search results, and category listings without blocking. No proxies needed. Supports smart data flattening for Excel/CSV. Powered by HappyEndpoint"
Morrisons Scraper - Full UK Grocery Catalog & Prices,Studio Amba,https://apify.com/studio-amba/morrisons-scraper?fpr=youssef,reviews,3,34,,0,"Scrape the complete Morrisons UK groceries catalog: product names, brands, GBP prices, price per unit, categories, images, ratings, promotions and availability. Optional nutrition, ingredients and allergens. No login or cookies required"
PainPoint Radar: Startup Idea Generator from Reddit,Sumit Sharma,https://apify.com/ornamental_oversight/pain-point-discovery?fpr=youssef,other-ecommerce,3,32,1,1,"Scrape pains from Reddit, HN, GitHub & more → Auto-generate validated startup ideas with MVP suggestions. Discover and validate startup ideas by analyzing real user pain points from 7 platforms. Perfect for indie hackers, founders, and product managers seeking idea validation"
MySlabs Scraper - Graded Sports Card & Pokemon Slab Marketplace,BowTiedRaccoon,https://apify.com/jungle_synthesizer/myslabs-graded-cards-marketplace-scraper?fpr=youssef,other-ecommerce,3,31,,0,"Scrape MySlabs.com - the largest multi-grader peer-to-peer graded-slab marketplace - for sold comps and active listings across PSA, BGS, SGC, CGC, TAG, HGA. Sale prices, sub-grades, cert numbers, sellers. Three modes: sold archive, active listings, single slab"
Swiggy Restaurant Scraper,Shahid Irfan,https://apify.com/shahidirfan/Swiggy-Restaurant-Scraper?fpr=youssef,reviews,3,31,5,3,"Extract restaurant data from Swiggy including menus, ratings, delivery fees, cuisines, and reviews. Ideal for competitive analysis, market research, and restaurant intelligence across Indian cities"
Amazon Product Scraper,Akash Kumar Naik,https://apify.com/akash9078/amazon-product-scraper?fpr=youssef,amazon,3,31,,0,"Amazon scraper that extracts comprehensive product data, including pricing, ratings, images, reviews, and seller offers. Perfect for price monitoring, market research, and competitive analysis"
TikTok Shop Product Scraper,Rush,https://apify.com/futurizerush/tiktok-shop-product-scraper?fpr=youssef,chinese-marketplaces,3,30,,0,"Extract product details from TikTok Shop in clean, ready-to-use datasets. Supports product pages and category browsing in the United States. No login or account required. (Beta)"
Flipkart Search Scrapper,DataForge,https://apify.com/automation-hub/flipkart-search-scrapper?fpr=youssef,global-marketplaces,3,30,,0,"Scrape Flipkart search results by keyword. Extracts product title, URL, price, MRP, discount, rating, reviews, and thumbnail. Supports multiple keywords, sorting options, and configurable result limits. Uses residential proxies to avoid blocks"
YATCO Yacht Listings Scraper,ParseForge,https://apify.com/parseforge/yatco-scraper?fpr=youssef,other-ecommerce,3,28,5,4,"Scrapes yacht listings from a YATCO search URL and returns each vessel as a flat row with its specifications, pricing, and broker details"
Farfetch Pricing Scraper,Shahid Irfan,https://apify.com/shahidirfan/Farfetch-Pricing-Scraper?fpr=youssef,global-marketplaces,3,26,5,2,"Unlock real-time luxury fashion insights! Instantly scrape prices, product details, and availability from Farfetch. Perfect for competitor analysis, price monitoring, and trend forecasting. Supercharge your e-commerce strategy with accurate global market data"
Ritchie Bros Auctioneers Scraper,ParseForge,https://apify.com/parseforge/ritchie-bros-auctioneers-scraper?fpr=youssef,other-ecommerce,3,25,,0,"Scrapes Ritchie Bros auction listings by keyword and filters. Returns equipment details like manufacturer, model, year, and location in a flat row"
Instagram Purchase‑Intent Lead Finder,IT-TechInnovators,https://apify.com/ittechinnovators/instagram-purchase-intent-lead-finder?fpr=youssef,other-ecommerce,3,24,5,1,"Discover real buyers on Instagram by searching posts with keywords (e.g., Saree, Kids wear) and locations (e.g., Chennai, Pune), then auto‑identify commenters with purchase‑intent phrases like price, DM, link. Export clean lead rows with profile insights. Works at scale on Apify"
Amazon Bestsellers Scraper,Yasmany Grijalba Casanova,https://apify.com/yasmany.casanova/amazon-bestsellers-scraper?fpr=youssef,amazon,3,24,5,1,"Extract bestselling products from any Amazon category across 12 country domains. Get product name, price, rating, reviews, ASIN, and rank. Supports multi-category batch scraping, automatic pagination (~60 products per category), localized prices with residential proxy, and no browser required"
Goofish (Xianyu) Product Scraper 闲鱼,Gio,https://apify.com/gio21/goofish-scraper?fpr=youssef,other-ecommerce,3,24,5,2,"Scrape Goofish / Xianyu (闲鱼) second-hand listings by URL or item ID. Get title, price, original price, views, wants, seller info, images & more. No login required"
Slickdeals Search Scraper,PowerAI,https://apify.com/powerai/slickdeals-search-scraper?fpr=youssef,other-ecommerce,3,21,5,1,"Scrape deals from Slickdeals.net by providing a search URL, with automatic pagination and comprehensive deal information extraction"
E-commerce Website Scraping Tool,Muhammad Qaseem Iqbal,https://apify.com/qaseemiqbal/e-commerce-website-scraping-tool?fpr=youssef,reviews,3,20,,0,"Scrape public e-commerce pages for product names, prices, stock status, reviews, sellers, and price changes. Use URLs or keywords, export clean data, and keep runs cheap with low-cost defaults"
Copart Lot Scraper - Cheap,Storm_Scraper,https://apify.com/scrapestorm/copart-lot-scraper---cheap?fpr=youssef,other-ecommerce,3,20,,0,"Easily collect vehicle lots from Copart Provide one or multiple Copart search result URLs and extract detailed lot data such as lot number, vehicle title, title type, location & direct lot link Perfect for auction monitoring, dealer inventory tracking & automotive data research"
Walmart Price Tracker,TrueFetch,https://apify.com/truefetch/walmart-price-tracker?fpr=youssef,us-retailers,3,15,5,1,"A walmart price tracker api that searches United States product results and returns 55-field USD price, discount, availability, seller, rating, image, rank, and source records through three inputs"
Finn Torget Scraper - Norwegian Marketplace,Black Falcon Data,https://apify.com/blackfalcondata/finn-torget-scraper?fpr=youssef,other-ecommerce,3,14,,0,Scrape finn.no/torget - Norway's largest classifieds marketplace - filter by category · condition and price across 11 categories and all counties · each listing ships price · location and seller details. Incremental mode tracks new and changed listings across scheduled runs
Fragrantica Search Scraper - Cheap,Storm_Scraper,https://apify.com/scrapestorm/fragrantica-search-scraper---cheap?fpr=youssef,reviews,3,13,5,1,"Looking to collect perfumes from Fragrantica? With the Fragrantica Search Scraper gather detailed perfume results from specific Fragrantica URLs including perfume name, brand, gender, release year, review count, product URL & more Perfect for perfume trend analysis, and brand monitoring"
Allegro Scraper | PL CZ SK HU Prices Sellers Offers,kane liu,https://apify.com/lentic_clockss/allegro-scraper?fpr=youssef,global-marketplaces,3,13,,0,"Scrape Allegro.pl, Allegro.cz, Allegro.sk & Allegro.hu - search, categories, Strefa Okazji deals, sellers, product hubs, multi-offers & EAN. Extract offerId, prices, sellers, ads flags. Export Excel/CSV/JSON. Unofficial - not affiliated with Allegro"
DoorDash Reviews Scraper Free To Use,FlowExtract API,https://apify.com/dz_omar/doordash-review-scraper?fpr=youssef,reviews,3,12,5,1,"Scrape customer reviews from any DoorDash store Extract star ratings, review text, reviewer profiles, ordered items with prices, vote ratings, and photo attachments"
Mydealz Scraper,SASWAVE,https://apify.com/saswave/mydealz-scraper?fpr=youssef,ads-and-trends,3,12,,0,"High-precision data extraction tool designed for mydealz.de, Germany's largest social shopping community. It allows you to monitor the latest bargains, track price errors, and analyze consumer trends by capturing the full technical metadata of deals, vouchers, and discussions"
Walmart Product Scraper,Shahid Irfan,https://apify.com/shahidirfan/Walmart-Product-Scraper?fpr=youssef,us-retailers,3,11,5,4,"Scrape Walmart products at scale. Extract pricing, ratings, availability & product details. Real-time data for competitive intelligence, price monitoring & market research. Fast, reliable, production-ready"
"Amazon Search, Category & Best Sellers Scraper",kane liu,https://apify.com/lentic_clockss/amazon-search-results-collector?fpr=youssef,amazon,3,10,,0,"Scrape Amazon keyword search, category browse, and Best Sellers across 21 storefronts. Export ASINs, titles, prices, ratings, images, and product URLs"
Foodpanda Scraper | Menus Restaurants Reviews,kane liu,https://apify.com/lentic_clockss/foodpanda-scraper?fpr=youssef,reviews,3,8,,0,"Scrape Foodpanda restaurants, Apollo menus (toppings/fees/ETA), shops & reviews across SG/HK/MY/TW/PH/PK/BD/KH/MM/LA. Discover cities & cuisines. Export Excel/CSV/JSON. Unofficial - not affiliated with Foodpanda or Delivery Hero"
GlobalSources Scraper | B2B Products & Suppliers,kane liu,https://apify.com/lentic_clockss/globalsources-scraper?fpr=youssef,other-ecommerce,3,7,,0,"Scrape GlobalSources (www.globalsources.com) B2B products, manufacturers, and supplier profiles. Search by keyword, browse categories, enrich PDP details, and export Excel/CSV/JSON. Unofficial - not affiliated with GlobalSources"
MercadoLibre Phone Number Scraper,Maxime Dupré,https://apify.com/maximedupre/mercadolibre-phone-number-scraper?fpr=youssef,espana-latam,3,7,,0,"Find public MercadoLibre phone numbers, emails, and seller details from keywords, seller IDs, or listing, seller, and shop URLs. Get country-aware contact rows with source links and listing context"
TikTok Shop Trending Products & Sales Velocity,NexaScout,https://apify.com/nexascout/tiktok-shop-trending-products?fpr=youssef,chinese-marketplaces,3,6,5,1,"Track TikTok Shop products by keyword or URL. Measure sold-count growth, estimated daily sales, price changes, review growth, and opportunity-rank movement across recurring runs. Export verified results to JSON, CSV, Excel, or API - no external data provider required"
CarDekho API,TrueFetch,https://apify.com/truefetch/cardekho-api?fpr=youssef,other-ecommerce,3,5,,0,"CarDekho API for public India vehicle listings by keyword. Return 37 normalized fields for INR prices, specifications, images, seller context, locations, and source URLs with CarDekho-only routing"
Watsons Product Scraper | PH HK TW TH Data,kane liu,https://apify.com/lentic_clockss/watsons-scraper?fpr=youssef,reviews,3,5,,0,"Scrape Watsons health and beauty products across the Philippines, Hong Kong, Taiwan, and Thailand. Extract guest prices, brands, EAN, ratings, and stock from search, category PLP, PDP, reviews, and brand listings. Export to Excel, CSV, or JSON. No login. Unofficial - not affiliated with A.S. Watson"
Foodora Scraper | Menus Restaurants NO SE AT HU CZ,kane liu,https://apify.com/lentic_clockss/foodora-scraper?fpr=youssef,reviews,3,5,,0,"Scrape Foodora restaurants and full menus across Norway, Sweden, Austria, Hungary, and Czechia. Extract vendor codes, ratings, cuisine SEO listings, chain filters, and menu prices. Discover cities & cuisines. Export Excel/CSV/JSON. Unofficial - not affiliated with Foodora or Delivery Hero"
Faire Scraper | Wholesale Products & Brands,kane liu,https://apify.com/lentic_clockss/faire-scraper?fpr=youssef,reviews,3,5,,0,"Scrape Faire.com wholesale marketplace: products, brands, categories & discover search. Extract product tokens, MOQ, retail/tester prices, ratings, brand pages. Export Excel, CSV, JSON. Guest preview - no retailer login required"
Fashion Product Scraper 5 Retailers,MrDoe,https://apify.com/mrdoe/fashion-multi-scraper-us?fpr=youssef,price-comparison,3,5,,0,"Scrape fashion products from Zara, H&M, ASOS, Uniqlo, and Mango in one run. Collect product names, prices, sale prices, colors, sizes, ratings, images, and product URLs in one normalized dataset for price comparison, competitor research, and fashion market analysis"
"Canada Price Comparison - Amazon, Best Buy & Walmart",Akhil rajesh,https://apify.com/akhil_rajesh/bot-wall-price-scraper?fpr=youssef,amazon,3,4,,0,"Compare live prices across major Canadian stores - just type a product name. Searches Amazon.ca, Best Buy, Walmart, Newegg, Vuugo and Canada Computers, then scrapes each match for price, stock and currency, cheapest first. Works on Cloudflare and bot-protected sites where other scrapers fail"
Nano Banana 2 & Pro Image Editor & Generator,PNDA,https://apify.com/pnda/nano-banana-generator?fpr=youssef,other-ecommerce,3,4,5,1,"Edit photos by prompt or generate images with Google Nano Banana 2, Nano Banana 2 Lite and Nano Banana Pro (Gemini 3 Pro Image), up to 4K. No API key, paid Apify plans only, pay per successful image"
1688 Scraper,BlueskyScraper,https://apify.com/blueskyscraper/1688-scraper?fpr=youssef,chinese-marketplaces,3,4,,0,"Scrape 1688.com, China's wholesale market, without a login: keyword search in English or Chinese, full product pages with variants and specs, image search by photo, and factory and wholesaler lists. Prices in CNY and USD, English translations included. API ready"
Amazon New Releases Scraper API - Newest Products by Category,Blackcube,https://apify.com/vonsensey/amazon-new-releases-scraper-api?fpr=youssef,amazon,3,4,,0,"Pull Amazon's Hot New Releases for any category as ranked rows: rank, ASIN, title, price, rating and image, all 100 across the two list pages. Point it at a New Releases URL and run. Turn on full details to enrich each row into a complete product. Failures are free"
Cimri Price Scraper - TR Marketplace Offers (),TamgaDev,https://apify.com/tamgadev/cimri-price-scraper?fpr=youssef,other-ecommerce,3,4,,0,Scrape Cimri.com merchant offers (price + shop URL) for TR marketplace monitoring. PPE. Use category/product URLs + Unblocker - search pages are often Cloudflare-blocked
Amazon Scraper,epctex,https://apify.com/epctex/amazon-scraper?fpr=youssef,amazon,2,446,5,7,"The fastest and most reliable Amazon scraper ever. Extract key data like reviews, prices, ASINs, without relying on Amazon's API. Tailor searches with specific URLs, keywords, and local postal codes for targeted insights. Download in various formats for easy analysis"
Asos Data Scraper,epctex,https://apify.com/epctex/asos-scraper?fpr=youssef,global-marketplaces,2,265,5.0,7,"Asos Data Scraper allows seamless extraction of publicly available data from ASOS products. It efficiently gathers essential information such as images and descriptions. The actor's capabilities extend to supporting category URLs, enabling comprehensive scraping"
Playstation Store Scraper,epctex,https://apify.com/epctex/playstation-store-scraper?fpr=youssef,other-ecommerce,2,253,4.0,8,"Harvest game details from the PlayStation Store effortlessly. Delve deep to pull product info, related items, categories, discounts, and various editions. Navigate the vast Playstation Store's database and highlight top games using any keyword. Experience a comprehensive view of gaming insights"
Noon Advanced Scraper,buseta,https://apify.com/buseta/noon-advanced-scraper?fpr=youssef,global-marketplaces,2,228,3.4,2,"Scrape everything with Noon Advanced Scraper ! Whole category, search results, list of products, ratings, reviews, pricing info, and more... Last Update: Mar 22, 2026"
Lowe's Scraper,Nataniel Santos,https://apify.com/natanielsantos/lowe-s-scraper?fpr=youssef,us-retailers,2,210,,0,"Scrape product data from lowes.com with this no-code tool. You can use it to extract name, price, images, rating, description, categories etc. Download your data as HTML table, JSON, CSV, Excel, XML, and RSS feed"
Facebook Marketplace Scraper,Pratik Dani,https://apify.com/pratikdani/facebook-marketplace-scraper?fpr=youssef,global-marketplaces,2,209,,0,"The Facebook Marketplace Scraper extracts detailed product data from Marketplace URLs, including prices, descriptions, images, and seller details. Perfect for market research, price monitoring, and inventory tracking"
Tiktok Profile & Video Scraper,SASWAVE,https://apify.com/saswave/tiktok-profile-video-scraper?fpr=youssef,other-ecommerce,2,208,5,1,"Advanced Fast Tiktok Profile scraper. Extract profile data about followers count, likes, video count, following count, friend count, id, username, bio link, avatar, verified status, region, language, private account status and more"
Amazon Product Scraper,Pratik Dani,https://apify.com/pratikdani/amazon-product-scraper?fpr=youssef,amazon,2,202,5.0,2,"Scrapes Amazon product data like titles, prices, ratings, and descriptions. Automates product research, competitor analysis, and price tracking by extracting key information from Amazon's product pages at scale"
Sitemap Detector,Zoro,https://apify.com/coder_zoro/sitemap-detector?fpr=youssef,other-ecommerce,2,181,5,3,"Find sitemap URLs fast with our free Sitemap Finder tool. Instantly detect sitemaps from any website for SEO audits, indexing checks, and crawl planning. Improve visibility, site structure insights, and search engine performance in just seconds"
Doordash Restaurant Scraper,Yasmany Grijalba Casanova,https://apify.com/yasmany.casanova/doordash-restaurant-scraper?fpr=youssef,price-comparison,2,160,5,1,"Scrape DoorDash restaurant menus and store details. Extract item prices, descriptions and images, plus store ratings, address and hours. Ideal for market research and price monitoring"
Lidl Product Scraper,EasyApi,https://apify.com/easyapi/lidl-product-scraper?fpr=youssef,us-retailers,2,147,,0,"Scrape product data from Lidl's online store including prices, images, descriptions, ratings and stock information. Perfect for price monitoring, market research and competitive analysis"
Amazon search scraper,Goldmine,https://apify.com/logical_scrapers/amazon-search-scraper?fpr=youssef,amazon,2,140,,0,"Fastest amazon search scraper that scrapes product listings from Amazon search results. This scraper extracts comprehensive product information including titles, prices (both sale and original), ratings, review counts and product URLs. Built with pagination support and robust error handling"
Google Trends Keyword Scraper Pro | SEO & Market Research,Xtech,https://apify.com/xtech/google-keyword-scraper-pro?fpr=youssef,ads-and-trends,2,137,1,1,"Compare Google Trends interest over time, regions, related queries, and trending searches for SEO, content strategy, market research, and competitive analysis. Export structured trend data with flexible timeframes and locations"
Aliexpress Bulk Scraper Pro,datawizards,https://apify.com/hello.datawizards/aliexpress-bulk-scraper-pro?fpr=youssef,chinese-marketplaces,2,130,5,1,"Aliexpress Bulk Scraper Pro: Scrape AliExpress product listings effortlessly with keyword searches. Get structured JSON data with product IDs, titles, prices, discounts, ratings, and images. Ideal for e-commerce research, price comparison, and market trends. Use Apify Proxy to avoid blocks"
E-commerce Email Scraper - Cheap & Advanced,Storm_Scraper,https://apify.com/scrapestorm/e-commerce-email-scraper---cheap-advanced?fpr=youssef,other-ecommerce,2,128,5,1,"Scrape E-commerce Emails Easily Enter your search parameters (e.g product keywords, email domains & platform) to collect verified seller or store contacts along with product title, store description & more Perfect for e-commerce lead generation, B2B outreach, product research & market analysis"
Catawiki Search Scraper,EasyApi,https://apify.com/easyapi/catawiki-search-scraper?fpr=youssef,other-ecommerce,2,123,5,1,"Scrape Catawiki auction search results efficiently. Extract detailed lot information including titles, prices, descriptions and more from any Catawiki search URL. Perfect for auction data analysis and market research"
Avito Offers Scraper (Fast and cheap),Storm_Scraper,https://apify.com/scrapestorm/avito-offers-scraper-fast-and-cheap?fpr=youssef,global-marketplaces,2,108,,0,"This Apify actor extracts products from Avito! Customize your search by keyword, category, city (Morocco), and more. Extracted data is saved to a dataset. Enjoy fast and efficient web scraping. Easily handle pagination and filter results for accurate data you need!"
RockAuto.com Scraper,Lexis Solutions,https://apify.com/lexis-solutions/rockauto?fpr=youssef,other-ecommerce,2,105,,0,"Scrape auto parts data from RockAuto.com - including part names, part numbers, prices, availability, and compatibility. Ideal for parts comparison, inventory management, and market research. Fast, structured, customizable extraction"
KDP & Amazon Book Niche Analyzer,Osman Sargin,https://apify.com/sarginstudio/kdp-amazon-book-niche-analyzer?fpr=youssef,amazon,2,86,,0,"Find profitable KDP niches for low content book publishing. Enter any keyword and get scored Amazon book results ranked by competition, price, and ratings. Perfect for self-publishing authors and print-on-demand creators researching niche opportunities. Automated niche research for KDP success"
Free Google Ads Scraper,Bruce Martin,https://apify.com/cryptdarkly/google-ads-scraper?fpr=youssef,other-ecommerce,2,84,5,1,"The most robust, domain-focused Google Ads Scraper on Apify. Extract active ads, creative details, and landing pages with built-in OCR and stealth technology. FREE FOR A LIMITED TIME"
Mercado Livre Official Store Scraper,Yasmany Grijalba Casanova,https://apify.com/yasmany.casanova/mercadolivre-store-scraper?fpr=youssef,global-marketplaces,2,83,5,1,"Extract product data from Mercado Livre Brazil official stores including prices, ratings, seller, brand, badges, FULL status, discounts and shipping details. Supports automatic pagination and your own proxy configuration"
"Cars.com Scraper - Deals, Specs & Flip Scores",Ben,https://apify.com/benthepythondev/cars-com-scraper?fpr=youssef,reviews,2,79,5,1,"Scrape Cars.com with AI Flip Score (0-100) for arbitrage opportunities. Extract Great Deal/Good Deal ratings, price vs market, VIN, CARFAX data, dealer info & photos. Perfect for car flippers, dealers & market researchers. Only scraper with deal scoring!"
eBay Scraper (Rental),3x1t,https://apify.com/3x1t/ebay-scraper?fpr=youssef,ebay-etsy,2,74,3.0,2,"Unlock access to millions of product listings on eBay thanks to this unofficial API. Get fast, exhaustive results for valuable e-commerce insights. Fast, cheap & reliable. Rental version"
TradeMe Scraper,Lexis Solutions,https://apify.com/lexis-solutions/trademe-co-nz-scraper?fpr=youssef,reviews,2,74,,0,"Scrape listings from TradeMe - including auctions and classifieds across vehicles, property, jobs, and general items. Extract titles, prices, locations, seller ratings, and images. Ideal for market analysis, price tracking, and trend insights. Fast, structured, and customizable extraction"
CostCo Reviews Scraper,E Commerce,https://apify.com/e-commerce/costco-reviews-scraper?fpr=youssef,us-retailers,2,73,5.0,5,"Extract member reviews from Costco.com product pages, including rating, title, text, userNickname, positiveFeedbackCount, helpfulness, and isSyndicated. Export data, run via API, schedule and monitor runs, or integrate with other tools"
Catawiki Scraper,SASWAVE,https://apify.com/saswave/catawiki-scraper?fpr=youssef,other-ecommerce,2,72,,0,"Catawiki web crawler. With the catawiki.com scraper, extract art product details from a search url. Collect object informations and store contact infos"
Image Background Remover - Keamind,Steafanie Braid,https://apify.com/stefanie-rink/image-background-remover?fpr=youssef,other-ecommerce,2,71,,0,Remove image backgrounds instantly! Our tool uses AI to cut out objects & create transparent PNGs within a few seconds. Easy to use
AutoTrader.ca Price Drop Monitor & Car Scraper,Youssef Farhan,https://apify.com/fayoussef/autotrader-ca?fpr=youssef,price-comparison,2,68,5.0,2,"Monitor AutoTrader Canada searches and get only new listings, price drops and sold cars since the last run, with previous price and price history. Schedule it daily. Or scrape every listing: price, VIN, mileage, specs, dealer phone and photos"
Snapchat Phone Number Scraper - Cheapest & Reliable,ContactMinerLabs,https://apify.com/contactminerlabs/snapchat-phone-number-scraper---cheapest-reliable?fpr=youssef,other-ecommerce,2,67,1,1,"Scrape Mass/Bulk Snapchat Phone Numbers Enter your search parameters to collect verified phone numbers from Snapchat profiles, along with profile title, bio snippet, country, source URL & platform info Perfect for lead generation and contact enrichment in tools like Google Sheetsor CRMs"
Apple Apps Store Scraper Free,Elite Scraper,https://apify.com/elite-scraper/apple-apps-store-scraper?fpr=youssef,reviews,2,67,,0,"Scraper apps, reviews, search results etc from apple app store"
Trustpilot Scraper Reviews & Company,Data Xplorer,https://apify.com/data_xplorer/trustpilot-scraper-fast?fpr=youssef,reviews,2,63,5,1,"Powerful Trustpilot scraper that extracts comprehensive review data, including ratings, customer sentiments, and company responses. Features include verified review tracking and detailed statistics. Perfect for market research, brand monitoring, and customer insight analysis. No coding required"
Target Product Scraper,ParseForge,https://apify.com/parseforge/target-scraper?fpr=youssef,us-retailers,2,61,5.0,2,"Scrapes product data from Target.com category and product pages. Returns each product as a flat row with price, rating, and description when details are enabled"
Google Business Email Scraper - Advanced Cheapest & Reliable,ContactMinerLabs,https://apify.com/contactminerlabs/google-business-email-scraper---advanced-cheapest-reliable?fpr=youssef,other-ecommerce,2,60,,0,"Scrape Google Business Emails Enter your search parameters to collect verified contact emails from Google Business profiles, along with profile title, bio, source URL & platform info Perfect for lead generation, influencer outreach & data enrichment in tools like Google Sheets or CRMs"
E-Commerce Phone Number Scraper - Cheapest (All-in-One),Storm_Scraper,https://apify.com/scrapestorm/e-commerce-phone-number-scraper---cheapest-all-in-one?fpr=youssef,ads-and-trends,2,57,3.8,4,"Scrape Mass/Bulk E-Commerce Phone Numbers Easily Enter your search parameters (e.g. keyword & platform) to collect verified business phone numbers from top e-commerce sites and marketplaces Ideal for lead generation, dropshipping research, seller outreach, and data enrichment"
Aliexpress Scraper,SASWAVE,https://apify.com/saswave/aliexpress-scraper?fpr=youssef,chinese-marketplaces,2,57,,0,"Aliexpress scraper, collect product listings from a search url. Extract item informations like title, image, price, reviews, ratings and more"
Food Panda Scraper,Shahid Irfan,https://apify.com/shahidirfan/Food-Panda-Scraper?fpr=youssef,reviews,2,50,5,5,"Extract restaurant data, menus, pricing, and ratings from FoodPanda instantly. Scrape delivery times, customer reviews, and store information at scale. Perfect for market analysis, competitive intelligence, and food delivery research"
Firmy.cz Search Scraper - Cheap Levný,Storm_Scraper,https://apify.com/scrapestorm/firmy-cz-search-scraper---cheap-levny?fpr=youssef,reviews,2,46,4.3,6,"Easily collect business listings from Firmy.cz, one of Czechia’s largest business directories. Simply enter a search URL to extract key insights like address, phone, opening hours, rating & more Seamlessly integrate the data into your analytics tools for lead generation, or competitor analysis"
Vinted Marketplace Scraper,SilentFlow,https://apify.com/silentflow/vinted-scraper-ppr?fpr=youssef,global-marketplaces,2,46,,0,"Scrape Vinted marketplace with pay-per-result pricing. Extract product listings, prices, seller info & images. Search by keywords, brand, size, price range. All Vinted countries supported (FR, DE, UK, ES, IT, PL). Cost-effective solution for market research"
Roblox Marketplace Scraper,Lexis Solutions,https://apify.com/lexis-solutions/roblox-marketplace-scraper?fpr=youssef,other-ecommerce,2,45,,0,"Scrape item listings from Roblox Marketplace - search by keyword, creator, category, topic, price range, sales type, and sort type. Extract item details, creator info, pricing, availability, media, and links. Supports catalog URLs, keyword searches, maxItems limit, and proxy configuration"
Amazon ASIN Reviews Scraper - Full Review Set (Not Just Top 10),Descripio,https://apify.com/hypnotic_freedom/amazon-reviews-scraper?fpr=youssef,amazon,2,45,4.7,3,"Up to 200 structured reviews per ASIN - 100 most recent + 100 most helpful. Most Amazon review scrapers return only the 10 visible reviews. Across 12 marketplaces (US, UK, DE, FR, IT, ES, NL, SE, PL, TR, IN, CA), ready for sentiment, competitor, brand analysis. Cached re-reads are free"
Wallapop Product Search,Jose Fernando Álvarez Romero,https://apify.com/alvaraaz/wallapop-product-search?fpr=youssef,espana-latam,2,41,,0,"Wallapop Scraper extracts product listings from the Spain's leading second-hand marketplace. Fetch prices, descriptions, images, locations and filter by keyword, category, province, price, condition"
Catawiki Search Scraper - Faster & Cheaper,Storm_Scraper,https://apify.com/scrapestorm/catawiki-search-scraper---faster-cheaper?fpr=youssef,ads-and-trends,2,37,5,1,"Catawiki Search Scraper allows you to extract detailed auction data with customizable filters. Gather insights on auction titles, descriptions, sellers, bidding prices, images, and more for research or marketing! Perfect for analyzing auction trends and popular listings on Catawiki"
AutoTrader UK Scraper With Contacts,Fatih Tahta,https://apify.com/fatihtahta/autotrader-uk-scraper?fpr=youssef,other-ecommerce,2,37,5,1,"Extract AutoTrader.co.uk vehicle listings at scale with rich specs, seller contacts, pricing signals, history checks, finance data, media, and availability. Built for enterprise-grade UK automotive intelligence, lead enrichment, inventory monitoring, and automated analytics pipelines"
Meta Ad Library Scraper,Gen First,https://apify.com/ivanvs/meta-ad-library-scraper?fpr=youssef,ads-and-trends,2,36,,0,"Extract details about ads from Meta Ad Library. Scrape ad details like when it was run, ad platfor, advertiser and content of ad. Download ad data in JSON, XML, Excel format"
"Carsales.com.au Scraper - Bypass 440-Car Limit, 30+ Fields",Abot API,https://apify.com/abotapi/carsales-au-scraper?fpr=youssef,other-ecommerce,2,35,5,1,"Scrape structured vehicle listings from Carsales.com.au. Built to bypass the 20-page / 440-car search cap with deep filtering. Returns clean JSON with 30+ fields per listing, ideal for dealers, analysts, pricing tools, and real-time vehicle data pipelines"
"Booking.com Scraper - Hotels, Prices & Reviews",Yuliia Kulakova,https://apify.com/brilliant_gum/booking-pro-full-data-scraper?fpr=youssef,reviews,2,34,,0,"Extract 27 data fields from Booking.com: prices, reviews, amenities, photos, rooms, GPS coordinates and more. Includes up to 25 reviews per hotel. Tested with 1000+ hotels per city"
Chrono24 Scraper & Opportunity Notification,Fabio Borsotti,https://apify.com/ilborso/chrono24-scraper-opportunity-notification?fpr=youssef,other-ecommerce,2,31,3.7,4,"Scrape watch listings from Chrono24 & Receive your personal opportunity notification! Scrape price, brand, location. It supports all chrono24 filters. Export to JSON, CSV, or Excel. Notification mail when the price is interesting for you!"
Steam Store Scraper,Shahid Irfan,https://apify.com/shahidirfan/Steam-Store-Scraper?fpr=youssef,price-comparison,2,30,5,3,"Unlock comprehensive data from the Steam Store with ease. This efficient actor scrapes game details, pricing, reviews, and tags at high speed. Perfect for market research, price monitoring, and analyzing gaming trends without the hassle"
Pinterest Ads Library Scraper,SASWAVE,https://apify.com/saswave/pinterest-ads-library-scraper?fpr=youssef,ads-and-trends,2,29,,0,"Extract ads from pinterest ads library. Collect post content, comments, shares, publication date. Allow to get domain and company name of the ad owner"
Mobile.de Scraper,Shahid Irfan,https://apify.com/shahidirfan/mobile-de-scraper?fpr=youssef,other-ecommerce,2,29,5,4,"Extract car listings from Mobile.de with ease. Scrape vehicle details, prices, and seller info from Germany's largest automotive marketplace. Perfect for market research, competitor analysis, and price tracking. Get structured car data instantly"
Mercado Libre Multi-Country Scraper - BR MX AR CL CO PE UY,viralanalyzer,https://apify.com/viralanalyzer/mercadolibre-multi-country?fpr=youssef,espana-latam,2,29,5,1,"Search and scrape Mercado Libre products, prices, discounts, conditions, categories, shipping, and sellers across 7 LATAM countries"
Ikea Product Scraper,Shahid Irfan,https://apify.com/shahidirfan/Ikea-Product-Scraper?fpr=youssef,global-marketplaces,2,28,5,3,"Extract detailed product data from IKEA instantly! Scrape prices, descriptions, images, SKUs, and categories for seamless e-commerce analysis. Perfect for price monitoring, catalog management, and market research. Unlock comprehensive furniture retail insights today"
Vinted Listings Scraper,FalconScrape,https://apify.com/piotrv1001/vinted-listings-scraper?fpr=youssef,global-marketplaces,2,27,,0,"Vinted Listings Scraper extracts product listings from Vinted across 16 country domains, capturing prices, brands, sizes, conditions, photos, and seller profiles - ideal for resale market analysis and price tracking"
Grubhub Restaurant Reviews Scraper,EasyApi,https://apify.com/easyapi/grubhub-restaurant-reviews-scraper?fpr=youssef,reviews,2,25,5,1,"Efficiently extract comprehensive customer reviews, ratings, and order details from Grubhub restaurant pages. Get valuable insights into customer satisfaction, menu item popularity, and sentiment analysis with this powerful and reliable scraper"
ImmobilleScout24 Swiss,Lukáš Širhal,https://apify.com/lukass/immobilleScout24-ch?fpr=youssef,other-ecommerce,2,25,,0,"▎ Scrape real-estate ads from ImmobiliareScout24. Search by city, region or paste listing URLs to collect price, address, rooms, floor area, floor number, property type, energy class, features, images and contact info - exported as JSON, CSV or Excel"
Playstation Store Scraper,Shahid Irfan,https://apify.com/shahidirfan/Playstation-Store-Scraper?fpr=youssef,other-ecommerce,2,23,5,3,"Extract game titles, prices, and exclusive deals directly from the official PlayStation Store. This actor is optimized for speed and efficiency. To ensure seamless data extraction and prevent IP blocking, the use of residential proxies is strongly recommended"
Back Market Listings Scraper,FalconScrape,https://apify.com/piotrv1001/back-market-listings-scraper?fpr=youssef,price-comparison,2,23,,0,"The Back Market Listings Scraper extracts electronics listings from Back Market, capturing product titles, current and original prices, condition grades, ratings, reviews, and images. Ideal for price monitoring, market research, and competitive analysis"
Tcgplayer Products Listings Sales Scraper,Andy Page,https://apify.com/apage/tcgplayer-products-listings-sales-scraper?fpr=youssef,us-retailers,2,22,,0,"Scrape every seller listing for any TCGplayer.com product. 28 fields per listing: price, shipping, condition, printing variant (Normal/Holofoil), seller rating, sales count, Gold Seller status, and more. Includes market/median/lowest prices, condition breakdowns, and optional sales history"
Otomoto.pl Scraper,Shahid Irfan,https://apify.com/shahidirfan/otomoto-pl-scraper?fpr=youssef,price-comparison,2,21,5,5,"Extract car listings from Otomoto.pl instantly. Scrape prices, specifications, photos & seller details automatically. Perfect for dealers, price monitoring, market analysis & lead generation in Poland's top automotive marketplace"
HM Product Description,Pinto Studio,https://apify.com/pintostudio/hm-product-description?fpr=youssef,other-ecommerce,2,21,1,1,Get product description from h&m
OLX Portugal Classifieds Scraper,Automation Lab,https://apify.com/automation-lab/olx-portugal-classifieds-scraper?fpr=youssef,global-marketplaces,2,21,,0,"Scrape public OLX.pt classifieds from category/search pages. Export prices, locations, images, seller details, and listing URLs"
Rover Pet Sitter Search Scraper,EasyApi,https://apify.com/easyapi/rover-pet-sitter-search-scraper?fpr=youssef,other-ecommerce,2,20,5,1,"A powerful scraper for Rover.com that extracts detailed pet sitter information from search results. Perfect for market research, competitive analysis, and understanding the pet care service landscape. Supports location-based searches and provides comprehensive data about service providers"
Amazon Mexico Product Scraper,Agenscrape,https://apify.com/agenscrape/amazon-mexico-product-scraper?fpr=youssef,espana-latam,2,20,5,1,"Scrape Amazon Mexico (amazon.com.mx) products. Extracts titles, prices, ratings, review counts, bullet points, descriptions, images & categories. Fast HTTP scraping - no browser required. Input ASINs or product URLs"
Uniqlo Product Scraper,scrape anything,https://apify.com/gauzy_penguin/uniqlo-scraper?fpr=youssef,other-ecommerce,2,19,5,3,"Scrapes product listings from Uniqlo search results. Supports keyword search, categories, pagination, and rate-limit handling. Designed for stable, production-scale scraping"
Zara Price Monitor & Alerts,scrape anything,https://apify.com/gauzy_penguin/zara-price-monitor?fpr=youssef,price-comparison,2,19,5,2,"Monitor prices and stock availability for Zara products. Get real-time alerts via dataset or Telegram when prices drop, increase, or items are back in stock"
Yiwugo Listings Scraper,FalconScrape,https://apify.com/piotrv1001/yiwugo-listings-scraper?fpr=youssef,ads-and-trends,2,19,,0,"The Yiwugo Listings Scraper extracts products and supplier profiles from yiwugo.com (Yiwu Small-Commodity City) - capturing titles, prices, sales counts, supplier mobile/WeChat/email, factory addresses, and physical booth coordinates - ideal for B2B wholesale sourcing and dropshipping"
Hot UK Deals Scraper,Alam,https://apify.com/sync-network/hot-uk-deals-scraper?fpr=youssef,reviews,2,18,,0,"Scrapes deals from HotUKDeals (hotukdeals.com), extracting key details like prices, descriptions, and temperature ratings. Supports scraping from main pages, categories, or search results. Features smart throttling and expired deal filtering for reliable data collection"
AppSumo Scraper,FalconScrape,https://apify.com/piotrv1001/appsumo-scraper?fpr=youssef,reviews,2,17,,0,"The AppSumo Scraper extracts deal listings and full product profiles from AppSumo.com, capturing deal names, pricing plans, discount percentages, ratings, reviews, features, FAQs, taxonomy, and money-back guarantees - ideal for SaaS market research, competitive analysis, and deal monitoring"
Vietnam Business Directory Scraper,Nick,https://apify.com/nickslam/vietnam-yello-scraper?fpr=youssef,reviews,2,17,,0,"Scrapes business directory data from VietnamYello (vietnamyello.com) including company information, reviews, products, and more"
Drouot Scraper,SASWAVE,https://apify.com/saswave/drouot-scraper?fpr=youssef,other-ecommerce,2,16,,0,"Drouot web crawler. With the drouot.com scraper, extract art product details from a search url. Collect object informations and store contact infos"
"Facebook Marketplace Scraper - Bypass 1K Limit, 40+ Fields",UnitBytes | Enterprise Web Data,https://apify.com/unitbytes/Facebook-Marketplace-Scraper?fpr=youssef,global-marketplaces,2,15,5.0,2,"The only Facebook Marketplace scraper with Deep Category Sweeping - bypasses Facebook's 1,000 result cap to extract tens of thousands of listings. 40+ fields: condition, VIN, mileage, full HD photos, no login"
Gumtree Listings Scraper,FalconScrape,https://apify.com/piotrv1001/gumtree-listings-scraper?fpr=youssef,global-marketplaces,2,15,,0,"The Gumtree Listings Scraper extracts classified ads from gumtree.com, capturing titles, prices, locations, seller info, descriptions, and images - ideal for price tracking, market research, and lead generation"
Argos Stock & Availability Scraper,Muhammet Akkurt,https://apify.com/muhammetakkurtt/argos-stock-availability-scraper?fpr=youssef,us-retailers,2,14,5,1,"Check real-time Argos UK store stock and delivery availability by product and postcode. Get per-store Click & Collect quantities, delivery status, opening hours, and product flags. Export results as JSON, CSV, or Excel. Ideal for stock monitoring, back-in-stock alerts, and retail data pipelines"
Flatfox Property Search Scraper,Stealth mode,https://apify.com/stealth_mode/flatfox-property-search-scraper?fpr=youssef,other-ecommerce,2,14,,0,"Efficiently scrape property listings from Flatfox.ch, Switzerland's leading digital rental platform. Extract comprehensive rental data including apartments, houses, prices, locations, and property details. Perfect for real estate agencies, market researchers, and property investment analysts"
Flippa Scraper,Shahid Irfan,https://apify.com/shahidirfan/flippa-scraper?fpr=youssef,other-ecommerce,2,14,5,4,"Extract live Flippa data: website listings, valuations, seller profiles, and marketplace analytics. Monitor domain sales, digital asset pricing, and competitive opportunities. Perfect for investors tracking online business acquisitions and market benchmarks"
Amazon Price Tracker,TrueFetch,https://apify.com/truefetch/amazon-price-tracker?fpr=youssef,amazon,2,12,5,1,"An amazon price tracker api that searches supported country storefronts and returns 55-field price, offer, seller, rating, rank, and source records without a Product Advertising API key"
Momo Listings Scraper,FalconScrape,https://apify.com/piotrv1001/momo-listings-scraper?fpr=youssef,price-comparison,2,12,,0,"The Momo Scraper extracts product listings from momoshop.com.tw, Taiwan's largest e-commerce platform, capturing prices, live stock counts, ratings, reviews, sales volume, promotions, and images - ideal for price monitoring and market research"
Leboncoin Scraper [] - France Classifieds Data,Black Falcon Data,https://apify.com/blackfalcondata/leboncoin-scraper?fpr=youssef,global-marketplaces,2,11,5,1,the cheapest Leboncoin scraper. Scrape France's largest classifieds for real estate · vehicles & goods; prices · locations & seller contact details. Incremental change tracking picks up new ads across scheduled runs
Woot By Amazon Scraper,SASWAVE,https://apify.com/saswave/woot-by-amazon-scraper?fpr=youssef,amazon,2,11,,0,"Track Daily Deals, Clearance Sales & Limited-Time Offers. Extract live deals, featured product, and clearance sales directly from Woot.com, Amazon’s flash-deal marketplace. It provide pricing, discounts, availability, ASINs. Deal monitoring, price intelligence, arbitrage workflow"
"LATAM Retail Price Scraper - Falabella, Ripley & Oechsle",Jorge Luis Arámbulo,https://apify.com/jorge_maven26/latam-retail-price-scraper?fpr=youssef,espana-latam,2,11,,0,"Price scraper for the largest LATAM retail stores. Extracts product name, normal price, offer price, discount %, SKU, availability, rating and URL from Falabella (PE/CL/CO), Ripley (PE/CL) and Oechsle (PE)"
"Shopify Product Scraper | Extract Products, Prices & Inventory",scrape anything,https://apify.com/gauzy_penguin/Shopify-Scraper?fpr=youssef,shopify-stores,2,10,5,4,"Shopify Product Scraper | Extract Products, Prices & Inventory from Shopify Stores: Scrapes product listings from Shopify stores. Designed for stable, production-scale scraping"
11880.com Branchenbuch Scraper,M3Web,https://apify.com/m3web/11880-com-branchenbuch-scraper?fpr=youssef,other-ecommerce,2,10,5,5,"Actor für 11880.com: findet Unternehmen nach Branche und extrahiert Kontaktdaten (E‑Mail, Telefon, Adresse). EN: Scraper for German companies listed in the 11880.com Branchenbuch (business directory)"
Kaktus dobíječka,Jan,https://apify.com/bares43/kaktus-dobijecka?fpr=youssef,other-ecommerce,2,10,,0,Actor which checks date of top up double action for Czech phone operator Kaktus. It's possible to set e-mail for sending notification if the day is today. Fixed changes on website in 2025. Time is scraped only when it's available on Kaktus website
1688 Seller Detail Scraper,Kevin,https://apify.com/burbn/1688-seller-detail-scraper?fpr=youssef,chinese-marketplaces,2,10,,0,"Scrape comprehensive seller data from 1688.com by Vendor ID. Extract store names, DSR ratings, positive feedbacks, years on platform, gold supplier status, direct shop links, and raw attributes. Fast, reliable & exportable to CSV/JSON"
"Milanuncios Scraper: Extract Spain Classifieds, Cars & Property",GetAScraper,https://apify.com/getascraper/milanuncios-scraper?fpr=youssef,espana-latam,2,9,,0,"Scrape Spain's largest classifieds marketplace on Milanuncios.com. Extract cars, real estate, phones, and second-hand listings across 11 Spanish regions with EUR prices, mileage, images, and seller profiles. Fuel and transmission come pre-translated to English. Drop-in for CRM, Airtable, and RAG"
B&H Reviews Scraper,Shahid Irfan,https://apify.com/shahidirfan/b-h-reviews-scraper?fpr=youssef,reviews,2,8,5,4,"Extract product reviews from B&H Photo Video at scale. Automatically collect customer ratings, feedback, and detailed reviews for competitive analysis, market research, and sentiment tracking. Perfect for ecommerce intelligence and data-driven decision making"
Next.co.uk Product Scraper,Shahid Irfan,https://apify.com/shahidirfan/Next-co-uk-Product-Scraper?fpr=youssef,other-ecommerce,2,8,5,2,"Elevate your e-commerce intelligence! Seamlessly extract rich product details, live pricing, and stock status from Next.co.uk. Built for market research and competitive analysis, this fast, reliable tool delivers pristine data to supercharge your strategy"
Wallapop.es/pt/it Scraper,Nogards,https://apify.com/nogards95/wallapop-scraper?fpr=youssef,espana-latam,2,8,5,1,"Scrape Wallapop listings in Spain, Italy & Portugal. Filter by keyword, price, city, or region - and get clean data in seconds"
Trendyol Listings Scraper,FalconScrape,https://apify.com/piotrv1001/trendyol-listings-scraper?fpr=youssef,global-marketplaces,2,7,,0,"The Trendyol Listings Scraper extracts product listings and enriched product details from Trendyol.com - capturing names, brands, current and original prices, ratings, full-resolution images, category hierarchy, and merchant data - deal for price tracking, market research, and competitive analysis"
All Shopping Scraper (23 Sites),AgentX,https://apify.com/agentx/all-shopping-scraper?fpr=youssef,other-ecommerce,2,7,,0,"A multi platform product scraper that searches 23 country-aware shopping routes and returns 55-field product, price, seller, availability, rank, and source records. Select platforms or search every eligible source"
Deliveroo Scraper | Menus Restaurants Markets,kane liu,https://apify.com/lentic_clockss/deliveroo-scraper?fpr=youssef,other-ecommerce,2,7,,0,"Scrape Deliveroo restaurant feeds (geohash), full menus, and city/cuisine/brand SEO pages across 11 markets (UK, IE, FR, BE, IT, ES, NL, AE, KW, SG, HK). Extract drnId, titles, prices, ETA, /menu/ permalinks. Export Excel/CSV/JSON. Unofficial - not affiliated with Deliveroo"
Netto Scraper [] - Danish Grocery Prices,Black Falcon Data,https://apify.com/blackfalcondata/netto-scraper?fpr=youssef,other-ecommerce,2,6,,0,Scrape netto.dk - Salling Group's Danish discount-grocery chain - full product catalog with current shelf prices · Netto+ member offers & per-unit comparison pricing. Incremental mode tracks new and changed products across scheduled runs
Mercado Libre Reviews Scraper,FalconScrape,https://apify.com/piotrv1001/mercado-libre-reviews-scraper?fpr=youssef,espana-latam,2,6,,0,"Collect Mercado Libre and Mercado Livre reviews from Mexico, Argentina and Brazil: ratings, text, dates, helpful votes, photos and videos. Filter by stars, monitor recent feedback and discover more reviews for sentiment analysis and product research"
Liverpool Mexico Product & Price Data Scraper,Latin America Data,https://apify.com/latinamericadata/liverpool-mexico?fpr=youssef,espana-latam,2,6,,0,"Extrae productos de Liverpool México con precios, descuentos, categorías, imágenes y stock. Scraper y API para pricing, catálogo y retail intelligence. Exporta en JSON, CSV o Excel e intégralo por API, webhooks y automatizaciones"
Mercadona Scraper - Spanish Supermarket Prices,Studio Amba,https://apify.com/studio-amba/mercadona-scraper?fpr=youssef,espana-latam,2,6,,0,"Scrape products, prices, unit prices, brands, and promotions from Mercadona.es - Spain's largest supermarket chain. Search by keyword or scrape the catalog. No login required"
Cinch.co.uk Vehicle Scraper,Shahid Irfan,https://apify.com/shahidirfan/Cinch-co-uk-Vehicle-Scraper?fpr=youssef,price-comparison,2,5,5,1,"Extract live used car listings from Cinch.co.uk instantly. Get vehicle specs, prices, mileage, condition, images & dealer details. Ideal for price monitoring, automotive market analysis, inventory benchmarking & competitive research. ETL-ready data"
CarGurus Scraper - Cheap,Storm_Scraper,https://apify.com/scrapestorm/cargurus-scraper---cheap?fpr=youssef,reviews,2,5,5,2,"Looking to collect car listings from CarGurus? With this scraper, you can extract detailed vehicle data including title, price, make, model, year, mileage, deal rating, location, specs, images, listing URL & much more Perfect for automotive market analysis & structured datasets"
PriceCharting Collection Scraper,Elena Vance,https://apify.com/incognito_mode/pricecharting-collection-scraper?fpr=youssef,other-ecommerce,2,5,,0,"Scrape an entire PriceCharting collection/console page (e.g. a full Pokemon set or game console) in one record: the collection's historical value and median-price time series, plus every product in the set with its name, ID, image and listed prices. Failed lookups are never billed"
Kompass Scraper | B2B Companies & Products Directory,kane liu,https://apify.com/lentic_clockss/kompass-scraper?fpr=youssef,other-ecommerce,2,5,,0,"Scrape Kompass B2B companies & products across ~70 country sites. Company/product search, details, region & sector browse. Export Excel/CSV/JSON. Unofficial - not affiliated with Kompass"
"Etsy Shop Catalog Export: Listings, Views & Sections",Vanja V,https://apify.com/wheaten_steelpan/etsy-shop-scraper?fpr=youssef,ebay-etsy,2,5,,0,"Export any Etsy shop's COMPLETE catalog through Etsy's official Open API. Every active listing with views, favourites, price and tags, plus shop sections, sales and rating. No scraping, so no DataDome blocks. Returns Etsy's own listing count so you can verify the pull"
Mercado Libre Product Details Scraper,FalconScrape,https://apify.com/piotrv1001/mercado-libre-product-details-scraper?fpr=youssef,espana-latam,2,5,,0,"The Mercado Libre Product Details Scraper extracts prices, discounts, installments, stock, shipping, seller reputation, variations, specs, images, ratings and reviews from product pages on all 18 Mercado Libre sites - ideal for price monitoring, seller intelligence and catalog enrichment"
Email Verifier & Validator,One Scales,https://apify.com/onescales/email-verifier-validator?fpr=youssef,other-ecommerce,2,4,5,2,"Bulk email verification made simple. Detect invalid, risky, and disposable-style addresses before you send. Try free, scale up to 50,000 emails per run"
Avantor VWR Product Search Scraper,ParseForge,https://apify.com/parseforge/avantor-vwr-international-scraper?fpr=youssef,other-ecommerce,2,4,5,1,"Collects Avantor VWR product listings by keyword, catalog number, or direct URL from any of 30 country sites. Returns each product as a flat row with catalog number, price, stock status, supplier, and specifications"
Amazon Ratings Scraper API - Star Rating Histogram,Blackcube,https://apify.com/vonsensey/amazon-ratings-scraper-api?fpr=youssef,amazon,2,4,,0,"Scrape Amazon star ratings by ASIN: average rating, total rating count and the full 1-5 star histogram, plus estimated counts per star that Amazon only shows as percentages. Covers every rating on the listing, not a sample. 24 marketplaces, each with its own distribution"
"El Corte Inglés Scraper - Products, Prices, Variants & Reviews",Abot API,https://apify.com/abotapi/elcorteingles-es-scraper?fpr=youssef,espana-latam,2,4,,0,"Scrape El Corte Inglés elcorteingles.es products across fashion, electronics, home, beauty, jewellery, toys and books. Extract current and was-prices, discounts, brands, categories, images, colour/size variants, availability, ratings and reviews. Supports keyword, category and URL modes"
Ecommerce Leads by Country - Shopify Stores Scraper,Blackcube,https://apify.com/vonsensey/ecommerce-leads-scraper-shopify-stores-by-country?fpr=youssef,shopify-stores,2,4,,0,"Build a country-scoped ecommerce lead list from Shopify stores, filtered on the market each store declares for itself rather than guessed from its language. Every record carries currency, the full ships-to list, contact email, socials, store size and installed apps"
Autotrader US UK Canada & ZA Scraper - Low-cost,Prime Scrape,https://apify.com/delectable_incubator/autotrader-us-uk-canada-za-scraper-low-cost?fpr=youssef,price-comparison,2,4,5,1,"Easily scrape AutoTrader search results from bulk URLs. Extract vehicle listings, makes, models, trims, years, prices, mileage, locations, dealer info, fuel type, transmission, photos, VINs & listing URLs. Perfect for car market research, price monitoring, dealership analysis & AI datasets"
Mercado Libre Scraper & API - 17 Countries,Oswaldo Carabano,https://apify.com/oswaldocarabano/mercadolibre-data-actor?fpr=youssef,espana-latam,2,4,,0,Scrape Mercado Libre listings and product pages across 17 Latin American marketplaces. No API key and no quota. Every price carries its own currency - six markets mix local and US dollars on the same page - plus the Venezuelan USD/local pair
Google Images Scraper - Full-Res Image URLs & Source Pages,Data Runner,https://apify.com/jurassic_jove/google-images-scraper?fpr=youssef,other-ecommerce,2,3,,0,"Scrape Google Images at scale. Get real full-resolution image URLs, source pages, dimensions and file sizes - not expiring thumbnails. Filter by usage rights"
Flipkart Seller Scraper,ScrapeAI,https://apify.com/scrapeai/flipkart-seller-scraper?fpr=youssef,global-marketplaces,2,3,,0,"Scrape Flipkart seller information from product or seller page URLs. Extract seller name, price, rating, delivery date, stock status, and compare multiple sellers offering the same product. Ideal for seller monitoring, price comparison, and market analysis"
Macy's Product Scraper,MrDoe,https://apify.com/mrdoe/macys-product-scraper?fpr=youssef,us-retailers,2,3,,0,"Scrape macys.com products, prices, brands, categories, product details, ratings, images and availability into clean, structured data. Affordable and easy to use for ecommerce research, price monitoring, competitor analysis and product intelligence"
Google Trends Scraper - Tube Atlas & Search Interest,Oliver Queen,https://apify.com/utils/google-trends-actor?fpr=youssef,ads-and-trends,2,3,4.7,3,"Scrape Google Trends at scale: interest-over-time for up to 200 keywords, regional breakdown, custom date ranges and 5 search types (Web, Images, News, YouTube, Shopping), plus live Trending Searches by country. Fully automated - add keywords, get clean JSON straight to your dataset"
Shopify Scraper Pro (High-Fidelity & Unlimited),Nikhil Chaudhary,https://apify.com/nc-automations/shopify-scraper-pro?fpr=youssef,shopify-stores,2,3,,0,"The ultimate high-performance scraper for any Shopify store. Extract thousands of products with full variant details, pricing, SKUs, and images using advanced infinite pagination logic"
Walmart Search Scraper,datacortex,https://apify.com/datacortex/walmart-search-scraper?fpr=youssef,us-retailers,2,3,,0,"Walmart keyword search results -- price, rating, fulfillment"
New Shopify Stores Scraper - Recently Launched Brands,Blackcube,https://apify.com/vonsensey/new-shopify-stores-scraper-recently-launched?fpr=youssef,shopify-stores,2,3,,0,"Find recently launched Shopify stores while they are still choosing their tools. Estimates each store's launch from the oldest product it ever published and filters on it, so a shop that started this year separates cleanly from one that started a decade ago. Contact details and store size included"
"Nettiauto Scraper - Finland Cars, EV Battery & Dealers",Muhamed Didovic,https://apify.com/memo23/nettiauto-scraper?fpr=youssef,other-ecommerce,2,3,,0,"Scrape nettiauto.com, Finland's largest car marketplace: every listing with VIN, plate, first registration date, battery kWh, electric range and state of health, the full photo gallery, the dealer's own details and the phone number hidden behind the call button. One flat row per car"
"Unblocker MercadoLibre Scraper - Products, Prices, Sellers",Scrapers Lat,https://apify.com/scrapers_lat/unblocker-mercadolibre-scraper?fpr=youssef,espana-latam,2,3,,0,"Unblocker MercadoLibre scraper (LATAM). Get the best-seller ranking by category with rank, price, rating and units sold, plus full product detail: attributes, variations, stock, seller reputation, reviews and images. Bypasses MercadoLibre anti-bot. Export JSON, CSV, Excel"
MercadoLibre Scraper (Español),ParseBird,https://apify.com/parsebird/mercadolibre-scraper-espanol?fpr=youssef,espana-latam,2,3,,0,"Extrae páginas de producto, reseñas de compradores, preguntas y respuestas, y perfiles de tienda de MercadoLibre en 9 países de LATAM, todo en un solo Actor"
MercadoLibre Scraper,axly,https://apify.com/axlymxp/mercadolibre-scraper?fpr=youssef,espana-latam,2,3,,0,"Scrape MercadoLibre & MercadoLivre products across 18 Latin-American countries by keyword or today's deals - title, price, discount, rating, units sold, seller, shipping and images as structured JSON. Multi-country, resumable. Pay only for the results you get"
Shopify Product Scraper,L A,https://apify.com/streaked_patty/mercadolibre-scraper?fpr=youssef,espana-latam,2,3,,0,"Scrapes products from any Shopify store via their products.json API. Extracts: title, price, compare_at_price, variants, images, vendor, tags, inventory, and more. No anti-bot protection - works with ALL Shopify stores"
Mercado Libre Keyword Rank Tracker,AtTheRate AI,https://apify.com/ikmal_suzali_atr/mercadolibre-rank?fpr=youssef,espana-latam,2,3,,0,"Full Mercado Libre search results per keyword (Brazil (mercadolivre.com.br), Mexico (mercadolibre.com.mx), Argentina (mercadolibre.com.ar), Chile (mercadolibre.cl), Colombia (mercadolibre.com.co)) with position and sponsored flag - see where a brand ranks and who holds the paid slots"
Wallapop Scraper - Any Keyword or Category,reventadata,https://apify.com/reventadata/wallapop-scraper?fpr=youssef,espana-latam,2,3,,0,"Searches Wallapop for any keyword or category across Spain and returns price, condition, distance, shipping and seller from each ad. A phone mode adds a battery-health floor, accessory filtering and a shop reference price when the search is for phones"
Wallapop Listings Scraper,Muhammad Afzal,https://apify.com/muhammadafzal/wallapop-listings-scraper?fpr=youssef,espana-latam,2,3,,0,"Scrape public Wallapop listings for titles, descriptions, prices, images, locations, categories, shipping flags, and seller details"
"IKEA Scraper - Products, Prices, Reviews & Availability",Abot API,https://apify.com/abotapi/ikea-scraper?fpr=youssef,global-marketplaces,2,2,5,1,"Scrape IKEA products across 50+ markets. Extract names, prices, currencies, ratings, full reviews, colours, dimensions, images, categories, variants, badges and store availability. Supports search, category, item-number and URL inputs with filters and sorting"
Newegg Products Scraper,Hanna Nosova,https://apify.com/fetch_cat/newegg-products-scraper?fpr=youssef,reviews,2,2,,0,"Scrape Newegg search and category listings for product prices, ratings, reviews, sellers, stock text, promos, images, and URLs"
Etsy Competitor Research Tool - Track Rival Shops,Blackcube,https://apify.com/vonsensey/etsy-competitor-research-tool?fpr=youssef,ebay-etsy,2,2,,0,"Pull a rival Etsy shop's listings and see exactly how they price, tag and position: price range and median, total favourites, bestseller count and their most-used SEO tags, plus every listing behind those numbers. Pay per listing, no run-start fee"
MercadoLibre Seller & Competition Monitor,Erick Bonilla,https://apify.com/don.eich/mercadolibre-seller-monitor?fpr=youssef,espana-latam,2,2,5,1,"Monitor prices, positions, and seller changes on MercadoLibre across 9 LATAM countries. Pay only for changes detected in delta mode"
"MercadoLibre Scraper - Prices & Discounts, incl. Mercado Livre",SR,https://apify.com/s-r/mercadolibre-scraper?fpr=youssef,espana-latam,2,2,,0,"Export products from MercadoLibre and Mercado Livre category and deals pages in 14 Latin American countries: title, current and previous price, discount label, item ID, image, link, shipping and installment text. For price monitoring, promotion tracking and assortment research"
Simple SEO Data Extractor,One Scales,https://apify.com/onescales/simple-seo-data-extractor?fpr=youssef,other-ecommerce,1,482,5.0,7,"Grab SEO data from any webpage / URL and export the URL, Title Tag, Meta Description, Meta Keywords, Status Code, H1, H2, Canonical Tag and Meta Robots easily. Run the scraper for 1-100,000 pages. Run one time or on schedule or via API and Get an SEO Report for Any Site"
Shopify App Store Scraper,BowTiedRaccoon,https://apify.com/jungle_synthesizer/shopify-app-store-scraper-2?fpr=youssef,shopify-stores,1,276,1,1,"Scrape apps from the Shopify App Store with pricing, ratings, developer info, and user reviews. Also scrapes the Shopify Theme Store - theme name, designer, price, features, presets, version and reviews"
OLX Search Results Scraper,EasyApi,https://apify.com/easyapi/olx-search-results-scraper?fpr=youssef,global-marketplaces,1,155,3.2,2,"Extract detailed product listings from OLX search results. Get comprehensive data including prices, descriptions, seller information, and image URLs for cars and other items listed on OLX India"
WordPress Articles Scraper,Extreme Scrapes,https://apify.com/extremescrapes/wordpress-articles-scraper?fpr=youssef,other-ecommerce,1,144,,0,"The WordPress Articles Scraper is an Apify actor that extracts posts and metadata from any WordPress website using the WordPress REST API. It automatically handles pagination and fetches additional information like author details, categories, tags, and featured images"
Amazon Product Review,Pinto Studio,https://apify.com/pintostudio/amazon-product-review?fpr=youssef,amazon,1,141,,0,The Amazon Product Review Scraper is an Apify actor that lets you extract comprehensive review data from Amazon product pages
Kijiji.ca Scraper,Smart Spidering,https://apify.com/smartspidering/kijiji-ca-scraper?fpr=youssef,other-ecommerce,1,134,,0,Scrape and extract kijiji.ca products data
Vinted Product & Profile Scraper,SASWAVE,https://apify.com/saswave/vinted-product-item-profile-scraper?fpr=youssef,global-marketplaces,1,133,,0,"no proxies. Vinted Data Scraper. Collect information at scale about items, user profile, followers, followings and reviews. Help you run deep analysis with aggregated data. Great performance & insights. Improve your business and analysis"
G2 Software Product Overview,Pratik Dani,https://apify.com/pratikdani/g2-software-product-overview?fpr=youssef,other-ecommerce,1,129,,0,"The G2 Software Product Overview Actor is designed to extract comprehensive product details from a valid G2 product URL. This actor provides a structured output that can be utilized for various applications, including market analysis, product comparison, and customer feedback aggregation"
Youtube Full Channel Videos Scraper - Pay per Results,Storm_Scraper,https://apify.com/scrapestorm/youtube-full-channel-videos-scraper---pay-per-results?fpr=youssef,other-ecommerce,1,129,,0,"Alternative YouTube API for unlimited access: Crawl and scrape YouTube channels to extract and download details such as the title, likes, view count, published time ⏰, and length without any limits or quotas"
Nike Product Scraper,EasyApi,https://apify.com/easyapi/nike-product-scraper?fpr=youssef,price-comparison,1,121,,0,"Extract product data from Nike.com search results including prices, colors, images and detailed product information. Perfect for price monitoring, product analysis and market research"
"Shopify Review Scraper (Judge.me, Loox, Yotpo, Stamped + more)",Stan Van Rooy,https://apify.com/stanvanrooy6/shopify-review-scraper?fpr=youssef,shopify-stores,1,111,,0,"Scrape all reviews from any Shopify store. Auto-detects Judge.me, Loox, Yotpo, Okendo, Stamped.io, REVIEWS.io, Junip, Fera, Opinew, Rivyo, Klaviyo Reviews and Vitals. Store-wide or per product, unified JSON/CSV with rating, text, author, date, photos and verified badge. No login"
Amazon Sellers Finder,Agenscrape,https://apify.com/agenscrape/amazon-sellers-finder?fpr=youssef,amazon,1,105,,0,"Wondering who else sells that product? Find ALL Amazon sellers instantly. Get merchant IDs, names, reviews, ratings, FBA status. Perfect for competitor research. 100% accurate real-time data. Pay per result: +. No subscriptions. Export to CSV"
Myntra Reviews Scraper,EasyApi,https://apify.com/easyapi/myntra-reviews-scraper?fpr=youssef,global-marketplaces,1,99,,0,"Scrape product reviews from Myntra.com - Extract detailed review data including ratings, comments, user info, and style attributes. Perfect for market research and customer sentiment analysis"
Meesho Product Search Scraper,EasyApi,https://apify.com/easyapi/meesho-product-search-scraper?fpr=youssef,global-marketplaces,1,94,5,1,"Scrape product listings from Meesho search results. Extract detailed product information including prices, descriptions, ratings, and more. Perfect for market research and price monitoring"
"Contact Details Scraper - Emails, Phone Numbers & Social Media",David Bhatt,https://apify.com/davidsharadbhatt/socialprofilescrapper?fpr=youssef,other-ecommerce,1,93,1,1,"Extract verified emails, phone numbers, and social media profiles from any website using this Contact Details Scraper. Perfect for lead generation, sales outreach, and business data collection. Automatically find contact info, LinkedIn, Twitter, and company profiles from multiple domains with ease"
Avito Offers Scraper (Pay per results),Storm_Scraper,https://apify.com/scrapestorm/avito-offers-scraper-pay-per-results?fpr=youssef,global-marketplaces,1,93,,0,"This Apify actor extracts products from Avito! Customize your search by keyword, category, city (Morocco), and more. Extracted data is saved to a dataset. Enjoy fast and efficient web scraping. Easily handle pagination and filter results for accurate data you need!"
Vestiaire Collective Scraper,ParseForge,https://apify.com/parseforge/vestiairecollective-scraper?fpr=youssef,price-comparison,1,92,,0,"Extract comprehensive product data from Vestiaire Collective! Automate collection of luxury fashion listings including prices, brands, images, seller information, and product details. Perfect for market research, price monitoring, and inventory tracking of pre-owned designer items"
Aliexpress Reviews Scraper,Caprolok,https://apify.com/caprolok/aliexpress-reviews-scraper?fpr=youssef,chinese-marketplaces,1,90,,0,"AliExpress Reviews Scraper extracts detailed reviews from product pages. Input product IDs and links to retrieve ratings, feedback, and more. Ideal for market analysis and consumer insights. Supports batch processing and customizable data extraction"
Autoscout24 Scraper,API Master,https://apify.com/inquisitive_sarangi/autoscout24-com-scraper?fpr=youssef,other-ecommerce,1,89,,0,"Autoscout24 scraper is a straightforward yet powerful tool designed to extract listings from AutoScout24, an online marketplace for buying and selling new and used vehicles, motorbikes, and accessories"
Vinted Scraper | No Proxy Required,VulnV,https://apify.com/vulnv/vinted-scraper-pro?fpr=youssef,global-marketplaces,1,88,,0,"A powerful Vinted scraper that extracts detailed product information including prices, images, seller details, descriptions, and more"
Etsy Product Scraper,Akash Kumar Naik,https://apify.com/akash9078/etsy-product-scraper?fpr=youssef,ebay-etsy,1,81,,0,"Scrapes product data from Etsy.com including title, price, images, and description"
MercadoLibre Reviews Scraper,EasyApi,https://apify.com/easyapi/mercadolibre-reviews-scraper?fpr=youssef,espana-latam,1,79,2,1,"Extract detailed product reviews from MercadoLibre with comprehensive data including ratings, comments, review dates, and user interactions. Perfect for market research, sentiment analysis, and customer feedback monitoring across Latin America's largest e-commerce platform"
Ticketmaster Events Scraper,EasyApi,https://apify.com/easyapi/ticketmaster-events-scraper?fpr=youssef,other-ecommerce,1,77,,0,"A powerful scraper that extracts comprehensive event data from Ticketmaster search results, including event details, venues, dates, prices, and availability status. Perfect for event monitoring, market research, and competitive analysis"
Mercadona Price and Product Scraper,Iñigo Garcia Olaizola,https://apify.com/igolaizola/mercadona-scraper?fpr=youssef,espana-latam,1,71,,0,"Automatically scrape product listings and prices from Mercadona’s website to keep your database updated. Gain real-time insights on pricing and availability with this powerful, easy-to-use extraction tool"
Amazon Seller Products Scraper,Pinto Studio,https://apify.com/pintostudio/amazon-seller-products-scraper?fpr=youssef,amazon,1,62,1,1,"The Amazon Seller Products Actor is an Apify Actor designed to scrape product listings from Amazon seller pages. This actor extracts comprehensive product information including titles, prices, ratings, reviews, delivery options, and more from any Amazon seller's product catalog"
Ebay Kleinanzeigen.de Scraper (Search Results),Made In Germany,https://apify.com/madeingermany/ebay-kleinanzeigen-de-scraper-search-results?fpr=youssef,ebay-etsy,1,62,1,1,Scrape any kleninzigen.de search results page with accuracy! Now 5x cheaper
Wildberries Product Scraper - Cheap дешёвый Вайлдберриз,Storm_Scraper,https://apify.com/scrapestorm/wildberries-product-scraper---cheap-deshyovyy-vayldberriz?fpr=youssef,global-marketplaces,1,62,5,3,"Easily collect product listings from Wildberries ягодки, one of Russia’s largest e-commerce platforms. Simply enter a keyword to extract key details like name, brand, price, discount, availability & images Seamlessly integrate with ur analytics tools for price tracking or competitor analysis!"
eSIMDB Country Scraper,Muhammet Akkurt,https://apify.com/muhammetakkurtt/esimdb-country-scraper?fpr=youssef,other-ecommerce,1,61,5,2,"This Apify actor collects eSIM data plans for specific countries. It collects comprehensive data such as provider information, plan details and pricing from esimdb.com and saves it in the Apify dataset. Users can easily retrieve relevant eSIM data by selecting a country"
TrustPilot Review Crawler,Zoltan,https://apify.com/tcz/trustpilot-review-crawler?fpr=youssef,reviews,1,61,,0,Craw TrustPilot reviews of a list of companies. The following fields are provided (when available): - Review title - Review text - Review date and time - Consumer name - Consumer avatar - Review URL - Rating - Date of experience - Business name - Business URL
Nike Scraper (All-in-One) - Cheap,Storm_Scraper,https://apify.com/scrapestorm/nike-scraper-all-in-one---cheap?fpr=youssef,other-ecommerce,1,60,5,1,"The only Nike products scraper that retrieves detailed product metadata, including title, ID, prices, discount percentage, images, product type, links, and more. Enter your desired category and set the max number of results to scrape. Perfect for product analysis and research"
Mercadona Products - Catalogue & Prices by Postal Code,Aitor Sanchez-Mansilla,https://apify.com/aitorsm/mercadona-product-scraper?fpr=youssef,espana-latam,1,60,,0,"Full Mercadona online catalogue for any Spanish postal code: product names, unit, bulk and reference prices, VAT, packaging, images, categories and product URLs from the warehouse that serves that code"
Firmy Search Scraper,PowerAI,https://apify.com/powerai/firmy-search-scraper?fpr=youssef,reviews,1,57,,0,"Scrape business listings from Firmy.cz with automatic pagination and comprehensive company data extraction including contact information, ratings, and location details"
Forever21 Scraper,epctex,https://apify.com/epctex/forever21-scraper?fpr=youssef,other-ecommerce,1,54,5.0,7,"Extract any product data from Forever21 easily! Images, sizes, SKUs, quantities, colors, and many more values are ready for you. Search for any keyword, filter by your needs, or get category pages! Export your data by XML, JSON, CSV, Excel or HTML"
"Etsy Email Scraper - Advanced, Cheapest & Reliable",ContactMinerLabs,https://apify.com/contactminerlabs/etsy-email-scraper---advanced-cheapest-reliable?fpr=youssef,ebay-etsy,1,52,,0,"Scrape Mass/Bulk Etsy Emails Enter your search parameters to collect verified contact emails from Etsy profiles, along with profile title, bio, source URL & platform info Perfect for lead generation, influencer outreach & data enrichment in tools like Google Sheets or CRMs"
eBay Product Reviews Scraper with Advanced Filters,Zebu Data,https://apify.com/delicious_zebu/ebay-product-reviews-scraper-with-advanced-filters?fpr=youssef,ebay-etsy,1,50,5,27,"Scrape eBay reviews (seller feedback) from any listing URL: rating, comment, reviewer, verified purchase, date and buyer photos, plus the reviewed item. Filter positive, neutral or negative, photos only, skip automated feedback, or pull all of a seller's feedback"
Lululemon Scraper,Richard Feng,https://apify.com/autofacts/lululemon-scraper?fpr=youssef,other-ecommerce,1,50,,0,"Scrape Lululemon by category or product URL: the full size and colour matrix, each SKU with its own price and availability, plus fabric, fit and feature detail and per-colour images. Three locales - en-us (USD), en-ca and fr-ca (CAD). Prices in minor units. Pay per product saved"
TikTok Phone Number Scraper - Cheapest & Reliable,ContactMinerLabs,https://apify.com/contactminerlabs/tiktok-phone-number-scraper---cheapest-reliable?fpr=youssef,other-ecommerce,1,49,,0,"Scrape Mass/Bulk TikTok Phone Numbers Enter your search parameters to collect verified phone numbers from TikTok profiles, along with profile title, bio snippet, country, source URL & platform info Perfect for lead generation and contact enrichment in tools like Google Sheetsor CRMs"
Amazon Store API,TrueFetch,https://apify.com/truefetch/amazon-store-api?fpr=youssef,amazon,1,47,5,1,"Amazon Brand Store API turns one public Store URL into one 29-field row with IDs, marketplace, categories, product URLs and media - no advertiser account required. Supports 10 Amazon marketplaces; rich prices and ratings appear when exposed. plus start"
Bershka,datasaurus,https://apify.com/datasaurus/bershka?fpr=youssef,other-ecommerce,1,45,5,1,Scrape products from bershka.com websites. All countries and languages. Scrape the full website or scrape by product category or individual product. Fast and efficient. n8n node: n8n-nodes-bershka
Hibid.com Scraper,Lexis Solutions,https://apify.com/lexis-solutions/hibid-com-scraper?fpr=youssef,other-ecommerce,1,43,,0,"Scrape auction listings from Hibid.com - including item names, lot numbers, current bids, sale dates, and seller details. Ideal for market research, price tracking, and inventory analysis. Fast, structured, and customizable extraction"
AliExpress Products Scraper,Nifty,https://apify.com/nifty.codes/aliexpress-products-scraper?fpr=youssef,chinese-marketplaces,1,43,5,1,"Extract product listings with prices, ratings, and store info from search results, categories, and store pages. Powered by AliExpress Scraper"
Costco Product Search Scraper,EasyApi,https://apify.com/easyapi/costco-product-search-scraper?fpr=youssef,us-retailers,1,43,1,2,"Scrape product data from Costco.com search results. Extract detailed product information including prices, descriptions, ratings, and availability. Perfect for price monitoring, market research and competitive analysis"
Amazon Sellers Leads Scraper From Asin List,Miso,https://apify.com/xmiso_scrapers/amazon-sellers-leads-scraper-from-asin-list?fpr=youssef,amazon,1,43,4.6,7,Another version of Amazon seller email leads scraper in case you already have your own asin list. Emails are available only in European Amazon marketplaces. Currently supporting FR and DE marketplaces
WLW Scraper - B2B Supplier Leads from Wer liefert was,Frederic,https://apify.com/plowdata/wlw-company-scraper?fpr=youssef,other-ecommerce,1,42,5,3,"Gather B2B supplier and manufacturer leads from WLW (werliefertwas.de), focused on the DACH market. Extract verified company data including contacts, locations, company size, and product portfolios. Export results to Excel, CSV, JSON, or use them directly in your CRM or automation workflows"
Ulta Advanced Scraper,buseta,https://apify.com/buseta/ulta-advanced-scraper?fpr=youssef,us-retailers,1,41,5,1,"A high-performance, sophisticated tool designed to extract detailed product data from Ulta Beauty. Scrape either list of products, full category results, or full search results. Scrape all information including reviews, questions, and answers. Last Update: Mar 21, 2026"
Vinted Scraper,Shahid Irfan,https://apify.com/shahidirfan/Vinted-Scraper?fpr=youssef,global-marketplaces,1,40,5,5,"Unlock valuable data from Vinted's vast marketplace. Efficiently scrape item details, pricing, and seller info for deep market analysis. Perfect for tracking second-hand fashion trends and inventory monitoring. Residential proxies are strongly recommended for seamless access"
Ikea Product Search,Pinto Studio,https://apify.com/pintostudio/ikea-product-search?fpr=youssef,global-marketplaces,1,40,,0,This Apify actor allows you to search for IKEA products with advanced filtering options and pagination support
OReillyAuto.com Scraper,Lexis Solutions,https://apify.com/lexis-solutions/oreillyauto?fpr=youssef,price-comparison,1,39,,0,"Scrape product data from OReillyAuto.com - including part names, SKUs, prices, availability, compatibility info, and images. Ideal for market research, price monitoring, and inventory analytics. Fast, structured, and customizable extraction"
Massimo Dutti,datasaurus,https://apify.com/datasaurus/massimodutti?fpr=youssef,other-ecommerce,1,38,,0,Scrape products from Massimo Dutti. All countries and languages. Scrape the full website or scrape by product category or individual product. Fast and efficient. n8n node: n8n-nodes-massimodutti
AutoScout24.ch Scraper (Rental),3x1t,https://apify.com/3x1t/autoscout24-ch-scraper?fpr=youssef,other-ecommerce,1,38,,0,"Effortlessly scrape vehicle data from Switzerland’s version of the popular online car marketplace AutoScout24. Fast, cheap & reliable. Rental version"
Walmart Data Scraper - Search & Product Pages,The Netaji,https://apify.com/thenetaji/walmart-data-scraper?fpr=youssef,us-retailers,1,37,5,1,"Both halves of Walmart in one Actor. Search by keyword to export the products a term returns, or paste product links to read those pages in full. Pick the mode, fill in that section, and every row comes back as the same structured record"
Amazon Products Easy Scraper,Miso,https://apify.com/xmiso_scrapers/amazon-products-scraper?fpr=youssef,amazon,1,36,5.0,7,Fastest amazon products scraper yet scraping up 2k rows/minute
Jungle Scout Scraper,Radeance,https://apify.com/radeance/junglescout-scraper?fpr=youssef,amazon,1,35,5,1,"Extract key Amazon product data from Jungle Scout, including price, ratings, reviews, sellers, images, categories, and variants. Supports ASINs and product URLs from over 10+ Amazon marketplaces. Export results in JSON, CSV, Excel, and more"
Rbauction Scraper,Goldmine,https://apify.com/logical_scrapers/rbauction-auctions-scraper?fpr=youssef,other-ecommerce,1,34,5,1,Actionable RB Auction market intelligence for data-driven teams. Turn category pages and auction listings into structured insights you can trust
Realtor Properties Search Scraper,PowerAI,https://apify.com/powerai/realtor-properties-search-scraper?fpr=youssef,other-ecommerce,1,34,,0,Search and scrape residential properties from Realtor Canada with advanced filtering and sorting options using our API wrapper service
Rappi Restaurant Scraper,Yasmany Grijalba Casanova,https://apify.com/yasmany.casanova/rappi-restaurant-scraper?fpr=youssef,espana-latam,1,34,5,1,"Extract restaurant data from Rappi - Latin America's largest food delivery platform. Get menus with prices, store details, ratings, and list all restaurants in any location. Supports Brazil, Colombia, Argentina, Chile, Peru, and Uruguay"
TradeIndia Product Scraper,EasyApi,https://apify.com/easyapi/tradeindia-product-scraper?fpr=youssef,other-ecommerce,1,34,,0,"Scrape product listings from TradeIndia.com - Extract detailed product information, company details, pricing, and business metrics. Perfect for market research, competitor analysis, and lead generation in the B2B space"
Notino Scraper,Lexis Solutions,https://apify.com/lexis-solutions/notino-scraper?fpr=youssef,reviews,1,33,5.0,2,"Scrape product data from Notino - including prices, reviews, ratings, and images. Ideal for market research, trend tracking, and e-commerce analytics in beauty and cosmetics. Fast, structured, and customizable"
IKEA Products Bycategory,Pinto Studio,https://apify.com/pintostudio/ikea-products-bycategory?fpr=youssef,global-marketplaces,1,30,,0,This actor extracts product information from IKEA's online catalog by category
Noon Products Scraper,Agenscrape,https://apify.com/agenscrape/noon-products-scraper?fpr=youssef,global-marketplaces,1,29,,0,"Efficiently extract product data from Noon.com, one of the Middle East's leading e-commerce platforms. Get detailed information including prices, ratings, images, availability, and more from any product category"
dm Scraper,epctex,https://apify.com/epctex/dm-scraper?fpr=youssef,price-comparison,1,28,5,7,"Extract product data from DM.de - prices, availability, images, descriptions & more. Search by keywords, scrape categories or individual products. Location-based stock info with ZIP codes. Fast, efficient scraping up to 1000 products per query. Perfect for market research & price monitoring"
Open Library Books Scraper,ParseForge,https://apify.com/parseforge/open-library-scraper?fpr=youssef,other-ecommerce,1,26,5,1,"Scrapes Open Library books by search query, subject, author, list, or direct URL. Returns each book as a flat row with title, author, subjects, and metadata"
DBA Scraper [] - Denmark's Largest Marketplace,Black Falcon Data,https://apify.com/blackfalcondata/dba-listings-scraper?fpr=youssef,other-ecommerce,1,25,5,1,Scrape dba.dk - Denmark's largest classifieds platform covering marketplace & vehicle listings in one actor with mode-specific output schemas. Incremental mode tracks new and changed listings across scheduled runs
Fiverr Scraper,Gio,https://apify.com/gio21/fiverr-scraper?fpr=youssef,reviews,1,25,,0,"Scrape Fiverr gigs by keyword. Extract title, price, rating, reviews, delivery time and seller info. Pay per gig scraped"
Shazam Concerts Events Scraper,Alien Force,https://apify.com/alien_force/shazam-concerts-events-scraper?fpr=youssef,other-ecommerce,1,24,,0,"Discover and track musical events worldwide with this Shazam Concerts Scraper. Filter by location, date, genre, and event count. Get detailed concert info like artist, venue, date, and more. Perfect for event discovery and music enthusiasts looking for upcoming concerts"
Leboncoin Vehicle Scraper,3x1t,https://apify.com/3x1t/leboncoin-vehicle-scraper?fpr=youssef,global-marketplaces,1,24,,0,"Effortlessly scrape vehicle listings from France’s largest classifieds platform, Leboncoin, in a formatted manner using this unofficial API. Fast, cheap & reliable. Rental version"
AutoScout24 Scraper,Shahid Irfan,https://apify.com/shahidirfan/Autoscout24-Scraper?fpr=youssef,other-ecommerce,1,24,5.0,2,"Extract vehicle data from AutoScout24, Europe's largest car marketplace. Gather detailed listings for used and new cars, including pricing, specs, and dealer info. Residential proxies are strongly recommended for optimal performance and to avoid blocks during extraction"
LinkedIn Ads Scraper (Advanced & Cheaper ),Storm_Scraper,https://apify.com/scrapestorm/linkedin-ads-scraper-advanced-cheaper?fpr=youssef,other-ecommerce,1,23,2.8,6,"Looking for a LinkedIn ads scraper to fetch sponsored ad details? With the LinkedIn Ads Scraper, easily collect ad listings based on keywords, companies, locations & more. Retrieve details like advertiser names, ad headlines, commentary, image URLs, event dates, and links to detailed ad pages"
Jumia Product Scraper - Cheap & Advanced,Storm_Scraper,https://apify.com/scrapestorm/jumia-product-scraper-cheap-advanced?fpr=youssef,global-marketplaces,1,23,5,2,"Easily gather product data from Jumia's online marketplace across Africa Just enter a search or category URL to retrieve key details like product name, price, brand, ratings & images. Seamlessly integrate with tools or APIs to streamline your e-commerce research & boost productivity!"
Ebay Product Info,Pinto Studio,https://apify.com/pintostudio/ebay-product-info?fpr=youssef,ebay-etsy,1,23,3,1,The eBay Product Info Actor is a powerful web scraping tool deployed on the Apify platform that extracts comprehensive product information from eBay listings
Zillow Price History Scraper,PowerAI,https://apify.com/powerai/zillow-price-history-scraper?fpr=youssef,price-comparison,1,23,,0,"Scrape property price history from Zillow, including sale prices, price changes, and market trends"
Pracuj.pl Jobs Scraper - Cheap (Tani),Storm_Scraper,https://apify.com/scrapestorm/pracuj-pl-jobs-scraper---cheap-tani?fpr=youssef,other-ecommerce,1,22,5,1,"Easily collect job listings from Pracuj.pl, Poland’s leading career and recruitment platform. Just enter any job search URL to extract key details like job title, company, contract type, work mode & posting status Seamlessly integrate with your tools for hiring analytics or ATS automation"
Sephora Scraper,Shahid Irfan,https://apify.com/shahidirfan/sephora-scraper?fpr=youssef,us-retailers,1,20,5,4,"Extract Sephora product data at scale, including names, brands, prices, ratings, reviews, categories, images, availability, and product URLs. Ideal for beauty market research, price monitoring, competitor analysis, e-commerce intelligence, and product datasets"
Joybuy scraper,borderline,https://apify.com/borderline/joybuy-api?fpr=youssef,global-marketplaces,1,20,5,1,"Extract full product data from Joybuy (JD.com's European marketplace - FR, DE, BE, NL, LU, UK). Get prices, discounts, variants, ratings, reviews, Q&A, specs, images and delivery estimates by product URL, search URL or keyword. Fast structured JSON"
"Pinterest Scraper - Anti-Block: Pins, Boards & Trends",viralanalyzer,https://apify.com/viralanalyzer/pinterest-intelligence?fpr=youssef,ads-and-trends,1,19,4.9,6,"Scrape Pinterest pins, boards, and engagement metrics. Discover trending visual content and analyze pin performance by niche"
Shopee Phone Number Scraper - Cheapest,ContactMinerLabs,https://apify.com/contactminerlabs/shopee-phone-number-scraper---cheapest?fpr=youssef,global-marketplaces,1,19,,0,"Scrape Mass / Bulk Shopee Phone Numbers Enter your search criteria to collect phone numbers from Shopee shops, seller profiles and product listings, along with shop names, seller titles, URLs & listing details Perfect for lead generation, supplier research, e-commerce and market analysis"
"Mercadolibre Email Scraper - Advanced, Cheapest & Reliable",ContactMinerLabs,https://apify.com/contactminerlabs/mercadolibre-email-scraper---advanced-cheapest-reliable?fpr=youssef,espana-latam,1,19,,0,"Scrape Mass/Bulk Mercadolibre Emails [Cheapest] Enter your search parameters to collect verified contact emails from Mercadolibre profiles, along with profile title, bio, URL & platform info Perfect for lead generation, influencer outreach & data enrichment in tools like Google Sheets or CRMs"
Nike Product Scraper,Shahid Irfan,https://apify.com/shahidirfan/nike-product-scraper?fpr=youssef,price-comparison,1,18,5.0,3,"Scrape Nike products at scale. Extract prices, descriptions, ratings, inventory, sizes & colors in real-time. Perfect for price monitoring, market research & competitive analysis. Fast, reliable, zero blocks"
"Yelp Email Scraper - Advanced, Cheapest & Reliable",ContactMinerLabs,https://apify.com/contactminerlabs/yelp-email-scraper---advanced-cheapest-reliable?fpr=youssef,other-ecommerce,1,18,,0,"Scrape Yelp Emails Enter your search parameters to collect verified contact emails from public Yelp profiles, along with profile title, bio, source URL & platform info Perfect for lead generation, influencer outreach & data enrichment in tools like Google Sheets or CRMs"
Yelp Phone Number Scraper - Cheapest,ContactMinerLabs,https://apify.com/contactminerlabs/yelp-phone-number-scraper---cheapest?fpr=youssef,other-ecommerce,1,17,,0,"Scrape Yelp Phone Numbers Instantly Enter a keyword and extract phone numbers from Yelp business listings, including restaurants, salons, contractor & service providers - including business name, phone number, and source URL Perfect for local business outreach, lead generation & CRM enrichment"
SERP Intent Extractor - Search Intent Classifier,Trove Vault,https://apify.com/trovevault/ai-serp-intent-extractor---search-intent-classifier?fpr=youssef,other-ecommerce,1,17,,0,"Scrape Google SERPs and classify search intent as informational, transactional, commercial, navigational, local, or comparative, with intent confidence, funnel stage, content type recommendations, SERP features, and organic results"
Wallapop Scraper - Any City by Coordinates · GPS & Seller Data,Muhamed Didovic,https://apify.com/memo23/wallapop-scraper?fpr=youssef,espana-latam,1,17,4.9,2,"Scrape Wallapop second-hand listings by keyword around any location. One row per item: title, price, GPS, postal code, city/region, images, shipping and the full category taxonomy. Target any city by coordinates - no Spanish proxy needed. Optional seller profile + view counters"
Stradivarius,datasaurus,https://apify.com/datasaurus/stradivarius?fpr=youssef,other-ecommerce,1,16,,0,Scrape products from stradivarius.com websites. All countries and languages. Scrape the full website or scrape by product category or individual product. Fast and efficient. n8n node: n8n-nodes-stradivarius
"Goodreads Email Scraper - Advanced, Cheapest & Reliable",ContactMinerLabs,https://apify.com/contactminerlabs/goodreads-email-scraper---advanced-cheapest-reliable?fpr=youssef,other-ecommerce,1,15,,0,"Scrape Goodreads Emails Enter your search parameters to collect verified contact emails from Goodreads profiles, along with profile title, bio, source URL & platform info Perfect for lead generation, influencer outreach & data enrichment in tools like Google Sheets or CRMs"
Autoplius Scraper - Lithuanian Car Listings,Studio Amba,https://apify.com/studio-amba/autoplius-scraper?fpr=youssef,other-ecommerce,1,15,,0,"Scrape car listings from Autoplius.lt, Lithuania's largest car marketplace. Extract prices, specs, mileage, fuel type, transmission, engine size, power, seller info, and images. Filter by make, model, year, price. No login required"
"Save-On-Foods, PriceSmart & Urban Fare Scraper API - Canada",JChaw,https://apify.com/sunny_eternity/save-on-foods-pricesmart-scraper?fpr=youssef,other-ecommerce,1,15,,0,"Scrape grocery prices from Pattison Food Group stores - Save-On-Foods, PriceSmart Foods, Urban Fare and Quality Foods. Product names, prices, sale prices, package sizes, normalized unit pricing and images, per store by postal code. Export JSON, CSV or Excel"
Discogs.com Scraper,Shahid Irfan,https://apify.com/shahidirfan/Discogs-com-Scraper?fpr=youssef,other-ecommerce,1,14,5,3,"Extract vinyl records, CDs, and cassettes from Discogs with pricing, condition details, and seller info. Perfect for music collectors, dealers, and market research. Build your music database instantly without limits"
"Whatnot Scraper - Listings, Sellers & Shop Inventory",Black Falcon Data,https://apify.com/blackfalcondata/whatnot-scraper?fpr=youssef,reviews,1,14,,0,Scrape whatnot.com - live-shopping marketplace listings and sellers - prices · bids · conditions · card attributes (Set · Grade · Year) · seller ratings · sold counts & full shop inventory. Incremental mode tracks new and changed listings across scheduled runs
"MercadoLibre Search Scraper - Price, Seller & Rating",Khadin Akbar,https://apify.com/khadinakbar/mercadolibre-search-scraper?fpr=youssef,espana-latam,1,14,1,1,"Scrape MercadoLibre search results across 11 Latin American countries: title, price, discount, seller, rating, reviews, free shipping, installments and result position. Use a keyword or search URL"
Any Website Phone Number Scraper - Cheapest,ContactMinerLabs,https://apify.com/contactminerlabs/any-website-phone-number-scraper---cheapest?fpr=youssef,other-ecommerce,1,13,,0,"Scrape Phone Numbers from Any Website Instantly Enter a website or keyword and extract phone numbers from any public web page, including page title, contact number & source URL Perfect for lead generation, B2B outreach, sales, market research, OSINT & enriching your CRM & data pipelines"
Any Website Email Scraper - Cheapest,ContactMinerLabs,https://apify.com/contactminerlabs/any-website-email-scraper---cheapest?fpr=youssef,other-ecommerce,1,13,,0,"Scrape Emails from Any Website Instantly Enter a website or keyword and extract emails from any public web page, including page title, email address, and source URL Perfect for lead generation, B2B outreach, sales teams, marketing campaigns, and enriching your CRM & data pipelines"
Cashify Scraper - India Refurbished Phone Prices & Stock,Vitalii Bondarev,https://apify.com/bovi/cashify-scraper?fpr=youssef,reviews,1,13,,0,"Scrape Cashify (cashify.in) refurbished-phone listings by category, brand or price band. Returns product id, name, URL, sale/original/EMI prices, discount, stock, rating, warranty and image. Pay per result"
"Beacons Email Scraper - Advanced, Cheapest & Reliable",ContactMinerLabs,https://apify.com/contactminerlabs/beacons-email-scraper---advanced-cheapest-reliable?fpr=youssef,other-ecommerce,1,12,,0,"Scrape Beacons Emails Enter your search parameters to collect verified contact emails from Beacons profiles, along with profile title, bio, source URL & platform info Perfect for lead generation, influencer outreach & data enrichment in tools like Google Sheets or CRMs"
Estate Sale Scraper with Full Photo Galleries (EstateSales.net),Scrapelab Max,https://apify.com/scrapelabmax/estate-sale-scraper?fpr=youssef,other-ecommerce,1,12,5,1,"Scrape estate, garage, and yard sales from EstateSales.net - with every listing's FULL photo gallery (images[]), not just one thumbnail. Nationwide, per-state, or per-ZIP. Plain-HTTP Cheerio crawling keeps cost ~10x below browser-based scrapers"
CGC Cards Population Report Scraper - Sports & Pokemon,BowTiedRaccoon,https://apify.com/jungle_synthesizer/cgc-cards-population-report-scraper?fpr=youssef,other-ecommerce,1,12,,0,"Scrape CGC Cards population report - the official census of CGC-graded sports cards, Pokemon, and TCG. Get per-card grade-by-grade counts (Pristine 10, Gem Mint 10, Mint+ 9.5, Mint 9, NM-Mint+ 8.5, NM-Mint 8), total graded. Filter by sport, brand, year, set"
Liverpool Product Search Scraper,Stealth mode,https://apify.com/stealth_mode/liverpool-product-search-scraper?fpr=youssef,espana-latam,1,12,,0,"Scrape comprehensive product data from Liverpool.com.mx, Mexico's leading department store chain. Extract product details, pricing, variants, availability, ratings, and category information from search results. Ideal for price monitoring, market research, competitor analysis in Mexican retail market"
"Trustpilot Email Scraper - Advanced, Cheapest & Reliable",ContactMinerLabs,https://apify.com/contactminerlabs/trustpilot-email-scraper---advanced-cheapest-reliable?fpr=youssef,reviews,1,11,,0,"Scrape Trustpilot Emails Enter your search parameters to collect verified contact emails from public Trustpilot profiles, along with profile title, bio, source URL & platform info Perfect for lead generation, influencer outreach & data enrichment in tools like Google Sheets or CRMs"
"Yellowpages Email Scraper - Advanced, Cheapest & Reliable",ContactMinerLabs,https://apify.com/contactminerlabs/yellowpages-email-scraper---advanced-cheapest-reliable?fpr=youssef,other-ecommerce,1,11,,0,"Scrape Mass/Bulk Yellowpages Emails Enter your search parameters to collect verified contact emails from Yellowpages profiles, along with profile title, bio, source URL & platform info Perfect for lead generation, influencer outreach & data enrichment in tools like Google Sheets or CRMs"
Oysho,datasaurus,https://apify.com/datasaurus/oysho?fpr=youssef,other-ecommerce,1,10,,0,Scrape products from oysho.com websites. All countries and languages. Scrape the full website or scrape by product category or individual product. Fast and efficient. n8n node: n8n-nodes-oysho
E-commerce Analytics AI Assistant,EasyApi,https://apify.com/easyapi/e-commerce-analytics-ai-assistant?fpr=youssef,other-ecommerce,1,10,,0,"Transform your business data into actionable insights! Get comprehensive e-commerce analysis with AI-powered recommendations, delivered in multiple formats (HTML, PDF, Markdown). Perfect for entrepreneurs, marketers, and business analysts seeking data-driven growth strategies"
Coupang Category Products Scraper,Zebu Data,https://apify.com/delicious_zebu/coupang-category-products-scraper?fpr=youssef,global-marketplaces,1,10,,0,"Scrape every product in a Coupang category by page URL or category ID: sale and original price, discount, unit price, rating, review count, brand, delivery type, badges, ad and sold-out flags. Sort and filter by price, rating and delivery"
ShopWSS.com Scraper,epctex,https://apify.com/epctex/shopwss-scraper?fpr=youssef,other-ecommerce,1,9,5.0,7,"Scrape ShopWSS.com to crawl shoes, clothing, and accessories. Fetch their details including title, description, images, variants, and many more"
Éxito Scraper Ultra,Knowten,https://apify.com/knowten/exito-scraper?fpr=youssef,espana-latam,1,9,5,5,"Obtén información de productos, precios y ofertas en exito.com Colombia. Diseñado con arquitectura de alta velocidad. Permite filtrar por marcas, categorías o usar el Modo Descubrimiento para identificar filtros dinámicos. Listo para exportar en JSON y Excel"
"Bunnings Scraper - Products, Reviews & Q&A",Abot API,https://apify.com/abotapi/bunnings-com-au-scraper?fpr=youssef,reviews,1,9,5,1,"Scrape bunnings.com.au products with full specifications, price, brand, stock, image gallery, warranty, customer reviews, rating stats and Q&A. Search by keyword with brand, price, rating and sort filters, or paste product / category / search URLs"
AliExpress Product Scraper,AgentX,https://apify.com/agentx/aliexpress-product-scraper?fpr=youssef,chinese-marketplaces,1,9,,0,"An aliexpress product scraper that searches destination-country results and returns 55-field price, discount, sales, rating, seller, image, rank, and source records through three required inputs"
GlobalSpec Suppliers Scraper | Industrial Directory Data,Zen Studio,https://apify.com/zen-studio/globalspec-suppliers-scraper?fpr=youssef,other-ecommerce,1,8,,0,"Extract 200,000+ industrial supplier profiles from GlobalSpec engineering360.com. Full contact data, business type, product catalogs with specs and datasheets. No login required"
REMA 1000 Scraper - Danish Grocery Products & Prices,Black Falcon Data,https://apify.com/blackfalcondata/rema1000-scraper?fpr=youssef,price-comparison,1,8,,0,"Scrape rema1000.dk - Denmark's largest discount-grocery chain with 3900 SKUs. Search products by ingredient, monitor tilbud price changes and track weekly basket costs over time. Built for grocery planning, price alerts and retail price monitoring"
Coupang Product Scraper | KR Prices & Rocket,kane liu,https://apify.com/lentic_clockss/coupang-scraper?fpr=youssef,global-marketplaces,1,8,,0,"Scrape Coupang.com (쿠팡) - keyword search, categories, Rocket campaigns, Global, PDP & brand shops. Extract KRW prices, badges, ratings, variants. Export Excel/CSV/JSON"
Wallapop Scraper,Gen First,https://apify.com/ivanvs/wallapop-scraper?fpr=youssef,espana-latam,1,8,,0,"Scrape structured data from Wallapop listings - items, vehicles, and services. Get clean, ready-to-use data in JSON, XML, Excel, and more"
Gumroad Review Scraper,Muhammet Akkurt,https://apify.com/muhammetakkurtt/gumroad-review-scraper?fpr=youssef,reviews,1,8,,0,"Collect reviews from Gumroad products efficiently. Scrapes detailed review data including ratings, review text, and seller responses. Perfect for market research and product analysis. Supports bulk collection from multiple products and integrates with Gumroad Scraper for automated collection"
Mercado Livre Scraper (Português),ParseBird,https://apify.com/parsebird/mercadolibre-scraper-portugues?fpr=youssef,espana-latam,1,8,,0,"Extraia páginas de produto, avaliações de compradores, perguntas e respostas, e lojas do Mercado Livre em 9 países da América Latina, tudo em um só Actor"
"Quince.com Product Scraper - Prices, Discounts, Reviews & More",Techforce Global,https://apify.com/techforce.global/quince-scraper?fpr=youssef,reviews,1,7,5.0,3,"Search products and walk away with selling prices, retail prices, discounts, hero images, and the latest customer reviews for every product, ready to drop into your spreadsheet, dashboard, or BI tool. The Quince.com Product Scraper turns catalog into clean, structured product data in minutes"
MercadoLibre Review Scraper,karamelo,https://apify.com/karamelo/mercadolibre-review-scraper?fpr=youssef,espana-latam,1,7,,0,"Extract public product reviews, ratings, dates, helpful votes, buyer media, and variants across MercadoLibre marketplaces"
Poshmark Scraper,scrape anything,https://apify.com/gauzy_penguin/poshmark-scraper?fpr=youssef,global-marketplaces,1,6,5,4,"Scrapes product listings from Poshmark results. Supports Category search, pagination, and rate-limit handling. Designed for stable, production-scale scraping"
Føtex Scraper [] - Danish Grocery Prices,Black Falcon Data,https://apify.com/blackfalcondata/foetex-scraper?fpr=youssef,other-ecommerce,1,6,,0,Scrape foetex.dk - Salling Group's Danish supermarket chain - full product catalog with current shelf prices · Føtex Plus member offers & per-unit comparison pricing. Incremental mode tracks new and changed products across scheduled runs
Microsoft Xbox Game Store Scraper,Fatih Tahta,https://apify.com/fatihtahta/microsoft-xbox-game-store-scraper?fpr=youssef,reviews,1,6,,0,"Scrape the Microsoft Xbox Store into clean, structured product data. Get games, add-ons, bundles and editions with pricing, ratings, genres, compatibility, subscription inclusion, descriptions, media and publisher contact details. Great for market analysis, pricing research and regional tracking"
DoorDash Scraper | Stores Menus Cities Markets,kane liu,https://apify.com/lentic_clockss/doordash-scraper?fpr=youssef,reviews,1,6,,0,"Scrape DoorDash restaurants, full menus with prices, city & cuisine SEO pages, convenience stores, and CDN sitemap discovery across US, Canada, Australia & New Zealand. Extract storeId, ratings, ETA, delivery fee, menu sections/items. Export Excel/CSV/JSON. Unofficial - not affiliated with DoorDash"
Kayak Car Rentals Scraper - Cheap,Storm_Scraper,https://apify.com/scrapestorm/kayak-car-rentals-scraper---cheap?fpr=youssef,price-comparison,1,6,5,1,Easily collect Kayak car rental listings by providing one or multiple Kayak car search URLs Extract useful insights such as Car Brand Car Class Price per Day Total Price Rental Provider Booking URL and more Perfect for travel price comparison & mobility data analysis
Weekday Product Scraper,EasyApi,https://apify.com/easyapi/weekday-product-scraper?fpr=youssef,shopify-stores,1,6,5,1,"A powerful scraper for extracting product data from Weekday's online store. Fetch detailed product information including prices, variants, images, and availability across different categories with advanced pagination handling and proxy support"
Liverpool MX Scraper,Gio,https://apify.com/gio21/liverpool-mx-scraper?fpr=youssef,espana-latam,1,6,,0,Liverpool MX Scraper - auto-scaffolded
Coppel Product Search Scraper,Stealth mode,https://apify.com/stealth_mode/coppel-product-search-scraper?fpr=youssef,espana-latam,1,6,,0,"Scrape comprehensive product data from Coppel.com, Mexico's leading department store and e-commerce platform. Extract prices, inventory, seller information, payment plans, and product specifications from search results. Ideal for price monitoring, market research, and competitive intelligence"
momo 購物網爬蟲｜商品、價格、原價、即時庫存一鍵匯出（免 API）,Chad,https://apify.com/claude_code_reviewer/momo-scraper?fpr=youssef,other-ecommerce,1,5,5,1,免登入抓 momo 購物網商品：關鍵字搜尋列表，含標題、價格、原價、即時庫存與圖片，輸出 JSON／CSV／Excel。支援批量關鍵字，電商比價、選品、庫存監控必備。
Autohome API,TrueFetch,https://apify.com/truefetch/autohome-api?fpr=youssef,other-ecommerce,1,5,,0,"Autohome API for public Mainland China vehicle series and specification search by keyword. Return 37 normalized catalog fields for models, guide prices, manufacturers, images, and source URLs"
Whiskyfass.de Whisky Scraper,ScrapySpider,https://apify.com/scrapyspider/whiskyfass-data-scraper?fpr=youssef,other-ecommerce,1,5,,0,"Scrapes 40+ fields per whisky product from whiskyfass.de - Germany's leading whisky retailer. Extracts pricing, ABV, age, cask type, tasting notes, distillery, region, and availability. Fast HTTP crawler, no login required"
"Uber Eats Scraper - Menus, Item Prices & Ratings | API",Vitalii Bondarev,https://apify.com/bovi/ubereats-menu?fpr=youssef,reviews,1,5,,0,"Scrape any **Uber Eats** restaurant menu into FLAT rows - one row per item with **price at the top level**, plus store rating, cuisine, address & phone on every row. No nested digging, no browser. Reliable residential-proxy access. Priced per menu - well below per-menu incumbents"
Falabella CL/PE/CO Scraper,Gio,https://apify.com/gio21/falabella-cl-scraper?fpr=youssef,espana-latam,1,5,,0,Falabella CL/PE/CO Scraper - auto-scaffolded
Milanuncios Scraper,ParseBird,https://apify.com/parsebird/milanuncios-scraper?fpr=youssef,espana-latam,1,5,,0,"Scrape Milanuncios.com classified listings - cars, real estate, jobs, electronics, phones and more. Filter by keyword, category, price, seller type, and shipping. Export full listing, seller, and shop data as JSON, CSV, or Excel"
TikTok Shop Product Scraper & Viral Radar,NexaScout,https://apify.com/nexascout/tiktok-shop-product-radar?fpr=youssef,chinese-marketplaces,1,4,5,2,"Scrape live TikTok Shop products by keyword or URL. Extract prices, sales, ratings, reviews, sellers, discounts, and images, then rank opportunities with a transparent viral score. Export verified results to JSON, CSV, Excel, or API - no external data provider required"
PChome 爬蟲｜商品、價格、庫存、評分一鍵匯出（免 API）,Chad,https://apify.com/claude_code_reviewer/pchome-scraper?fpr=youssef,other-ecommerce,1,4,5,2,免登入、免 token 抓 PChome 24h 商品：關鍵字搜尋列表與商品詳情，含標題、價格、原價、庫存、評分與圖片，輸出 JSON／CSV／Excel。支援批量關鍵字與商品 ID／網址，電商比價、選品、庫存監控必備。
Pricing Detector,Etan gentil,https://apify.com/brave_zygantrum/pricing-radar?fpr=youssef,other-ecommerce,1,4,5,1,Detect SaaS Pricing Pages & Extract Prices without LLM
Myntra Price Tracker,TrueFetch,https://apify.com/truefetch/myntra-price-tracker?fpr=youssef,price-comparison,1,4,,0,"A myntra price tracker api that searches India fashion listings and returns 55-field INR price, discount, brand, availability, rating, image, rank, and source records through three inputs"
eBay Seller Leads API,AgentX,https://apify.com/agentx/ebay-seller-leads-api?fpr=youssef,ebay-etsy,1,4,,0,"eBay seller lookup for one /usr/, /str/ or feedback URL across eight marketplaces, returning a 40-field seller record with membership, Top Rated status, 1/6/12-month feedback counts, four detailed ratings with the number of ratings behind each, Store categories, sales and followers"
Zoro Listings Scraper,FalconScrape,https://apify.com/piotrv1001/zoro-listings-scraper?fpr=youssef,price-comparison,1,4,,0,"The Zoro Product Listings Scraper extracts products from Zoro.com's 13M-SKU industrial and MRO catalog by search term or category, capturing titles, brands, MFR numbers, prices, 20+ technical specs, images and stock flags - ideal for price monitoring and catalog enrichment"
Kleinanzeigen Scraper - Germany Classifieds,Vitalii Bondarev,https://apify.com/bovi/kleinanzeigen-listings-scraper?fpr=youssef,global-marketplaces,1,4,,0,"Scrape Kleinanzeigen.de (Germany #1 classifieds) by keyword, category, location & price. Returns title, price+type, condition, location+zip, seller name+type, date, URL, images, listing ID"
Scraper/Crawler for grocery marketplace data,kane liu,https://apify.com/lentic_clockss/instacart-scraper?fpr=youssef,us-retailers,1,4,,0,"This Actor is an independent tool and is not affiliated with, endorsed by, or sponsored by Instacart or any of its subsidiaries. All trademarks mentioned are the property of their respective owners. Scrape grocery shops, products, collections, hubs, ETA and search in US/CA. Export Excel/CSV/JSON"
Thomasnet Scraper | US Industrial Suppliers,kane liu,https://apify.com/lentic_clockss/thomasnet-scraper?fpr=youssef,other-ecommerce,1,4,,0,"Scrape Thomasnet (www.thomasnet.com) US industrial B2B suppliers via keyword search, heading categories, and company profiles. Extract tgramsId, location, sales, employees, capabilities, and profile URLs. Export Excel, CSV, or JSON. Unofficial - not affiliated with Thomas Publishing / Thomasnet"
"OLX Motoryzacja Polska: Samochody, Filtry, Monitoring",FlareWOW,https://apify.com/liveclaude/olx-motoryzacja-pl?fpr=youssef,global-marketplaces,1,4,5.0,1,"Scraper OLX.pl dla motoryzacji: samochody osobowe, motocykle, ciężarowe, dostawcze, części. Multi-brand i multi-model. Pełne filtry (marka, rocznik, przebieg, paliwo, skrzynia, cena, miasto z promieniem). Monitoring nowych okazji dla autokomisów. Od Klevio, polski specjalista e-commerce"
AliExpress Products Scraper - Low-cost,Prime Scrape,https://apify.com/delectable_incubator/aliexpress-products-scraper---low-cost?fpr=youssef,chinese-marketplaces,1,4,5,1,"Scrape AliExpress product data easily with a powerful e-commerce scraper. Extract product titles, prices, discounts, ratings, sales volume, promotions, shipping details, images, and URLs. Ideal for price monitoring, dropshipping research, and large-scale product analysis"
ASC Global MRO Parts Scraper,ParseForge,https://apify.com/parseforge/asc-global-mro-scraper?fpr=youssef,other-ecommerce,1,4,5,1,"Scrapes MRO parts from ASC Global by keyword or part number. Returns provider, inventory, and pricing details in a flat row"
Wallapop Scraper - All Categories,Rastriq - Structured data from the world,https://apify.com/rastriq/wallapop-scraper?fpr=youssef,espana-latam,1,4,,0,"Extract listings from any Wallapop category: Cars, Motos, Tech, Fashion, Real Estate, Home, Sports, Bikes, Collectibles and more. Incremental mode included"
Macys Reviews Scraper,Pinto Studio,https://apify.com/pintostudio/macys-reviews-scraper?fpr=youssef,us-retailers,1,3,,0,This API retrieves data from macys product Reviews
Rakuten Product Scraper,AgentX,https://apify.com/agentx/rakuten-product-scraper?fpr=youssef,global-marketplaces,1,3,,0,"A rakuten product scraper that searches Japan marketplace results and returns 55-field JPY price, promotion, shop, shipping, rating, image, rank, and source records through three required inputs"
Buy Me a Coffee Email Scraper - Cheapest & Reliable,ContactMinerLabs,https://apify.com/contactminerlabs/buy-me-a-coffee-email-scraper---cheapest-reliable?fpr=youssef,other-ecommerce,1,3,,0,"Scrape Buy Me a Coffee Emails Enter your search parameters to collect verified contact emails from Buy Me a Coffee profiles, along with profile title, bio, source URL & platform info Perfect for lead generation, influencer outreach & data enrichment in tools like Google Sheets or CRMs"
Gumroad Products Scraper,Nifty,https://apify.com/nifty.codes/gumroad-products-scraper?fpr=youssef,reviews,1,3,,0,"Extract Gumroad products from search results, discover pages, and seller profiles with pricing and ratings. Powered by Gumroad Scraper"
Costco Product Scraper | US CA MX UK Prices,kane liu,https://apify.com/lentic_clockss/costco-scraper?fpr=youssef,us-retailers,1,3,,0,"Scrape Costco.com & Costco.ca/MX/UK/AU/JP/KR/TW - keyword search, categories, Hot Buys, PDP, warehouses & reviews. Extract prices, ratings, itemId/sku. Export Excel/CSV/JSON"
Target Product Scraper | Prices Stock Reviews,kane liu,https://apify.com/lentic_clockss/target-scraper?fpr=youssef,us-retailers,1,3,,0,"Scrape Target.com US products by keyword, category, brand or TCIN. Extract prices, ratings, reviews, DPCI, images, store stock & fulfillment. Export Excel/CSV/JSON. Unofficial - not affiliated with Target"
"OLX Scraper | Ads, Prices & Cities",kane liu,https://apify.com/lentic_clockss/olx-br-scraper?fpr=youssef,global-marketplaces,1,3,,0,"Scrape OLX guest classifieds from olx.com.br: keyword search, São Paulo or nationwide, cell-phone category pages, and listing detail. Get listId, title, BRL price, city, UF, images and category. Export Excel, CSV or JSON. No seller name, phone, or chat"
Google Shopping Scraper,Bruno,https://apify.com/bgfc97/google-shopping-scraper?fpr=youssef,price-comparison,1,3,,0,"Search Google Shopping and get products with title, price, merchant, rating and link. Uses Apify Proxy to bypass blocking. Great for price monitoring and product research"
Wholesale Trends Product Finder,Stellaboost,https://apify.com/stellaboost/wholesale-trends-product-finder?fpr=youssef,ads-and-trends,1,3,,0,"Find winning wholesale products on Faire.com automatically. Scores products 0-100 using review velocity, restock signals, and satisfaction ratio. Scan entire categories or specific product URLs. B2B product research made data-driven"
MercadoLibre Chile Scraper - High Reliability,Javier Chame,https://apify.com/jchame/atomic-actor-1?fpr=youssef,espana-latam,1,3,,0,"High-reliability MercadoLibre Chile scraper for mercadolibre.cl. Runs parallel worker shards with mission dedupe, Envio local filtering, local/import classification, CLP prices, VIP detail shipping/sold/quantity evidence, residential/custom proxies, retries, and cost/block guardrails"
MercadoLibre Product Scraper,ReapX,https://apify.com/reapx/mercadolibre-product-scraper?fpr=youssef,espana-latam,1,3,,0,"Compare MercadoLibre products, offers, and identifiers. Start with MercadoLibre product URLs; each returned product keeps product identifiers, titles, prices, currencies, and condition"
"Falabella Scraper API: Price, Stock & Product Data CL/PE/CO",Scrapers Lat,https://apify.com/scrapers_lat/falabella-scraper?fpr=youssef,espana-latam,1,3,,0,"Scrape Falabella products, price, CMR price, stock, variants, ratings and seller data across Chile, Peru and Colombia by keyword, category or product URL. Filter by price, brand, seller, rating, stock. Export JSON, CSV, Excel. Price monitoring, LATAM e-commerce data. No login"
"Falabella Scraper - Products, Prices & Seller Leads",Scrape Sage,https://apify.com/scrapesage/falabella-scraper?fpr=youssef,espana-latam,1,3,,0,"Scrape Falabella (Chile, Peru, Colombia) - products by keyword, category or URL with live prices, discounts, ratings, specs, variants, images & stock, plus buyer reviews and marketplace seller leads. Keyless, no browser. Monitor price drops & restocks"
"Mercadona Scraper - Prices, Unit Price & Postal Code",Abot API,https://apify.com/abotapi/mercadona-es-scraper?fpr=youssef,espana-latam,1,3,,0,"Scrape Mercadona products by delivery-area postal code. Search by keyword or category, or paste product and category URLs. Get local availability, current price, site-calculated price per kg, litre or unit, plus original price and discount when an item is on sale"
"Wallapop Scraper (listings, prices, seller info)",Tagada Data,https://apify.com/tagadanar/wallapop-scraper?fpr=youssef,espana-latam,1,3,,0,"Scrape Wallapop.com search results into flat JSON: title, price, location and photos, plus demand signals like view and favorite counts. Filter by keyword, category, price band and distance. No API key, one flat price per listing with platform usage included"
Avito.ru Scraper - бюджетный Low-cost,Prime Scrape,https://apify.com/delectable_incubator/avito-ru-scraper---byudzhetnyy-low-cost?fpr=youssef,global-marketplaces,1,2,5,1,"Scrape Avito.ru product listings easily with a powerful marketplace scraper. Extract titles, prices, currencies, locations, seller details, availability, promotions, images, and URLs. Ideal for price monitoring, product research, competitor analysis, and market intelligence"
Dasoertliche.de Scraper - Billig Cheap,Storm_Scraper,https://apify.com/scrapestorm/dasoertliche-de-scraper---billig-cheap?fpr=youssef,other-ecommerce,1,2,5,1,"Looking to collect business listings from dasoertliche.de ? With this Scraper you can extract directory data from Das Örtliche, including business name, category, address, city, phone number, ZIP code, listing URL & more Perfect for B2B lead generation & business directory datasets"
Argos Product Scraper,Muhammet Akkurt,https://apify.com/muhammetakkurtt/argos-product-scraper?fpr=youssef,us-retailers,1,2,5,1,"Scrape Argos UK products by search keyword, category or product ID. Extract names, brands, current and previous prices, discounts, star ratings, review counts, EAN barcodes, images and delivery flags. Export as JSON, CSV or Excel for price monitoring, competitor research and retail pipelines"
AutoTrader Vehicle Search,AgentX,https://apify.com/agentx/autotrader-vehicle-search?fpr=youssef,other-ecommerce,1,2,,0,"Autotrader scraper for United States vehicle inventory by keyword and optional ZIP. Return 37 normalized fields for titles, prices, vehicle details, locations, and source URLs with Autotrader US routing fixed"
Bol Product Scraper,AgentX,https://apify.com/agentx/bol-product-scraper?fpr=youssef,global-marketplaces,1,2,,0,"A bol.com product scraper that searches Netherlands and Belgium results and returns 55-field EUR price, discount, rating, seller, image, rank, and source records through three required inputs"
Artsy Search Scraper,PowerAI,https://apify.com/powerai/artsy-search-scraper?fpr=youssef,other-ecommerce,1,2,,0,Search and discover artworks on Artsy.net with automatic pagination and comprehensive data extraction
Pinterest Video Downloader,AgentX,https://apify.com/agentx/pinterest-video-downloader?fpr=youssef,other-ecommerce,1,2,,0,Process one publicly accessible Pinterest Pin containing video for structured metadata and an optional stored video file
"Target Product Scraper - prices, stock and ratings",Black Falcon Data,https://apify.com/blackfalcondata/target-scraper?fpr=youssef,us-retailers,1,2,,0,"Scrape Target product listings by keyword and get one structured row per product. Every record carries pricing, stock status and ratings. Load the result straight into a spreadsheet or a database without any cleanup work first"
Redbubble Phone Number Scraper - Cheapest,ContactMinerLabs,https://apify.com/contactminerlabs/redbubble-phone-number-scraper---cheapest?fpr=youssef,other-ecommerce,1,2,,0,"Scrape Mass/Bulk Redbubble Phone Numbers Enter your search parameters to collect publicly available phone numbers from Redbubble profiles and product pages, along with profile or product title, bio, URL & platform info Perfect for lead generation, brand partnerships & contact enrichment"
"Whatnot Scraper - Live Shows, Lots & Sellers",Abot API,https://apify.com/abotapi/whatnot-scraper?fpr=youssef,reviews,1,2,5,1,"Scrape Whatnot live and upcoming shows, queued items and lots, and seller profiles. Search by keyword or URL, then filter by category, format, seller rating, and country. Extract ratings, followers, sold counts, and more"
Craigslist All Products Scraper US,MrDoe,https://apify.com/mrdoe/craigslist-all-products-scraper-us?fpr=youssef,global-marketplaces,1,2,,0,"Scrape Craigslist US listings across multiple categories and locations. Extract product details, prices, titles, descriptions, locations, seller information, images, posting dates, and listing URLs for market research, lead generation, price analysis, and classified-data collection"
T&T Asian Supermarket Grocery Price Scraper API - Canada,JChaw,https://apify.com/sunny_eternity/tnt-grocery-scraper?fpr=youssef,price-comparison,1,2,,0,"Scrape T&T Supermarket grocery prices and product data, Canada's largest Asian grocery chain. Extract names, prices, unit pricing, package sizes, images, and URLs across BC, Alberta, Ontario & Quebec. Export as JSON, CSV, or Excel for price monitoring & comparison apps"
Uber Eats Scraper | Menus Stores Feed Search,kane liu,https://apify.com/lentic_clockss/ubereats-scraper?fpr=youssef,reviews,1,2,,0,"Scrape Uber Eats restaurants, menus, city/category SEO pages, delivery feed & search across 40+ locales. Extract store UUID, ratings, ETA, price buckets, cuisine slugs. Export Excel/CSV/JSON. Unofficial - not affiliated with Uber"
Overstock Phone Number Scraper - Cheapest,ContactMinerLabs,https://apify.com/contactminerlabs/overstock-phone-number-scraper---cheapest?fpr=youssef,other-ecommerce,1,2,,0,"Scrape Mass/Bulk Mixcloud Phone Numbers Enter your search parameters to collect phone numbers from Mixcloud profiles, along with profile title, bio, source URL & platform info Perfect for lead generation, music promotion, DJ outreach & contact enrichment in tools like CRMs"
"IndiaMART Scraper | B2B Products, Phones & Suppliers",kane liu,https://apify.com/lentic_clockss/indiamart-scraper?fpr=youssef,other-ecommerce,1,2,,0,Scrape IndiaMART India B2B products & suppliers. Guest phones from MCAT/PDP. Emails usually absent; street when directors exists. Export Excel/CSV/JSON
Walmart Phone Number Scraper - Cheapest,ContactMinerLabs,https://apify.com/contactminerlabs/walmart-phone-number-scraper---cheapest?fpr=youssef,us-retailers,1,2,,0,"Scrape Walmart Emails Instantly Enter a keyword and extract public email addresses from Walmart business pages, vendors, partners and customer service sections including store or business name, email address & source URL Perfect for supplier discovery, B2B, lead generation, and CRM enrichment"
DHgate Wholesale Scraper | Products Prices MOQ,kane liu,https://apify.com/lentic_clockss/dhgate-scraper?fpr=youssef,chinese-marketplaces,1,2,,0,"Scrape DHgate.com wholesale marketplace - keyword search, catalog categories, product PDP (SKU/shipping), and seller stores. Extract itemcode, prices, MOQ, free shipping, supplier URLs & images. Export Excel/CSV/JSON for sourcing & price research"
Redbubble Email Scraper - Cheapest,ContactMinerLabs,https://apify.com/contactminerlabs/redbubble-email-scraper---cheapest?fpr=youssef,other-ecommerce,1,2,,0,"Scrape Redbubble Emails Instantly Enter a keyword & extract publicly available emails from Redbubble profiles and shops, including shop/artist name, email address & profile URL Perfect for lead generation, influencer outreach, collaborations, and enriching your data pipelines"
Taobao Email Scraper - Cheapest,ContactMinerLabs,https://apify.com/contactminerlabs/my-actor-5?fpr=youssef,chinese-marketplaces,1,2,,0,"**Scrape Taobao Emails Instantly** Enter a keyword & extract public email addresses from Taobao sellers, merchants, shops & customer service pages - including store name, email address & source URL Perfect for **supplier sourcing, e-commerce research, lead generation & CRM enrichment**"
iPROS Scraper | Japan B2B Products & Companies,kane liu,https://apify.com/lentic_clockss/ipros-scraper?fpr=youssef,other-ecommerce,1,2,,0,"Scrape iPROS (www.ipros.com) Japan B2B products & companies in EN/JA. Search by category, industry, prefecture. Extract productId, companyId, titles, images, official sites. Export Excel/CSV/JSON. Unofficial - not affiliated with iPROS"
MonotaRO Scraper | Japan MRO Products & Prices,kane liu,https://apify.com/lentic_clockss/monotaro-scraper?fpr=youssef,reviews,1,2,,0,"Scrape MonotaRO (www.monotaro.com) Japan MRO / industrial catalog - keyword search, categories, brands, product groups, SKUs, and review summaries. Extract productCode, monotaroNo, guest prices, ratings. Export Excel/CSV/JSON. Unofficial - not affiliated with MonotaRO"
Otomoto Listings Scraper,FalconScrape,https://apify.com/piotrv1001/otomoto-listings-scraper?fpr=youssef,other-ecommerce,1,2,,0,"Scrape Otomoto.pl vehicle listings by filters or search URL: price, full specs, equipment, seller and location for cars, motorcycles, vans and trucks. Optional seller phone numbers, VIN, description and photos. No page cap, no duplicates"
"Americanas Brazil - Products, Prices, Sellers & Reviews",Abot API,https://apify.com/abotapi/americanas-com-br-scraper?fpr=youssef,reviews,1,2,,0,"Scrape Americanas Brazil (americanas.com.br) by keyword, department or pasted link. Returns SKU, title, brand, seller (store or marketplace), price, PIX price, discount, instalments in BRL, stock, images, variants, specs and reviews. Incremental mode tracks changes"
Aminco Product Detail Ec Spider,GetDataForMe,https://apify.com/getdataforme/aminco-product-detail-ec-spider?fpr=youssef,other-ecommerce,1,2,,0,"Extract detailed product information from Aminco's website with ease. This tool captures essential data like names, images, SKUs, and descriptions. Customize scraping limits and URLs for targeted results. Ideal for market research, competitive analysis, and business automation"
Forex & Exchange Rates API: ECB Official Rates,Daniel Meshulam,https://apify.com/glitchbound/fx-scraper?fpr=youssef,other-ecommerce,1,2,,0,"Official European Central Bank reference rates for 30 currencies: latest, any historical date, or a full time series. The figure European accounting and tax rules cite. Weekends and holidays are flagged rather than silently filled. No key, no quota"
"Steam Scraper - Games, Prices & Reviews",Ponderable Hydrometer,https://apify.com/ponderable_hydrometer/steam-scraper?fpr=youssef,reviews,1,2,,0,"Scrape Steam game metadata, prices, genres, Metacritic scores and player reviews via Valve's public store APIs. Look up by app id or store URL, or search by keyword. No proxies, no login"
Poshmark Search Scraper,Jamshaid Arif,https://apify.com/moving_beacon-owner1/poshmark-search-scraper?fpr=youssef,global-marketplaces,1,2,,0,"Scrapes Poshmark search results by keyword, extracting listing titles, prices, images, and URLs. Supports configurable item limits with automatic pagination for resale, pricing, and arbitrage research"
Shopify App Reviews,ScrapeSignal Labs,https://apify.com/scrapesignal_labs/shopify-app-reviews-scraper?fpr=youssef,shopify-stores,1,2,,0,"Export public Shopify App Store reviews with rating, date, merchant, country, usage duration, review text, developer reply, app name, and direct review URL"
FAB Product Info Scraper,GetDataForMe,https://apify.com/getdataforme/fab-productInfo-scraper?fpr=youssef,other-ecommerce,1,2,,0,"The Fab ProductInfo Scraper efficiently extracts detailed product data from Fab.com, including title, price, and availability. It offers high-quality, up-to-date data, handles multiple URLs, and supports JSON, CSV, and Excel outputs"
Antonioli Scraper - Luxury Fashion Products & Style Codes,Studio Amba,https://apify.com/studio-amba/antonioli-scraper?fpr=youssef,shopify-stores,1,2,,0,"Scrape luxury fashion products, prices, sizes, stock, and manufacturer style codes from Antonioli.eu, the Italian multi-brand designer boutique. Supports full-catalog scraping via Shopify's JSON API"
Facebook Ads Library E-commerce Ad Intelligence,Mikkel Bech-Hansen,https://apify.com/mibedk/facebook-ads-library-ecommerce-tracker?fpr=youssef,ads-and-trends,1,2,,0,"Pulls live ad creatives, copy, CTAs and run dates from Meta's public Ad Library for a keyword or advertiser Page, shaped as a per-ad competitor ad-spy feed for e-commerce and DTC brands"
Woolworths Products Scraper,Automation Lab,https://apify.com/automation-lab/woolworths-australia-grocery-products-prices?fpr=youssef,us-retailers,1,2,,0,"Search Woolworths Australia and export product IDs, brands, pack sizes, current and unit prices, promotions, availability, categories, images, and timestamped source records"
Home Depot Scraper - Fast & Enterprise Grade,Thirdwatch,https://apify.com/thirdwatch/home-depot-scraper?fpr=youssef,us-retailers,1,2,,0,"Search Home Depot products - titles, prices, ratings, SKUs, and availability from public search and product pages. Built for price monitoring, competitor tracking, and catalog research. No login, cookies, or API keys - clean JSON output and pay-per-result pricing"
"Cho Tot Scraper: Vietnam Listings, Property & Motorbikes",Adrian Voss,https://apify.com/accountable_eel/chotot-listing-lookup?fpr=youssef,other-ecommerce,1,2,,0,"Cho Tot scraper covering goods, Nha Tot property and Cho Tot Xe vehicles: get one row per listing (price, category, seller, link). Turn on monitoring for only new listings and price drops since your last run. No login required; quiet monitoring runs are free"
"Slickdeals Scraper: Deals, Coupons & Discussion",Inus Grobler,https://apify.com/thescrapelab/slickdeals-deals-discussion-scraper?fpr=youssef,other-ecommerce,1,2,,0,"Collect Slickdeals promotions, posted prices, merchant links and coupon or membership requirements, with optional linked public discussion and explicit coverage"
Vinted Search Feed: Clean Listings & Price Stats,Juan de Pablos,https://apify.com/jdepablos/vinted-search-feed?fpr=youssef,global-marketplaces,1,2,,0,"Search Vinted from code or AI agents: clean typed listings (title, price, brand, condition, URL) with a price snapshot (median, quartiles) per search, from Vinted's unified European catalogue. Promoted listings filtered. Pay per search with results"
"Harald Nyborg Scraper - Danish Tools, Garden & Auto Products",Studio Amba,https://apify.com/studio-amba/haraldnyborg-scraper?fpr=youssef,other-ecommerce,1,2,,0,"Scrape products, prices, and availability from Harald-Nyborg.dk. Denmark's popular discount retailer for tools, garden, auto, and home products. Supports search and category browsing"
Fashionphile Scraper,Jamshaid Arif,https://apify.com/moving_beacon-owner1/fashionphile-scraper?fpr=youssef,other-ecommerce,1,2,,0,An Apify actor that scrapes Fashionphile's pre-owned luxury listings in two modes: -searchUrls: Gathers search/category results using browser-rendered HTML and CSS selectors. -productUrls: Retrieves product details directly from GET /products/<slug>.json for quicker access
"Shopify Competitor Tracker: Prices, Stock & New Products",Mariam Ahmed,https://apify.com/precious_bathmat/shopify-competitor-tracker?fpr=youssef,shopify-stores,1,2,,0,"Paste the domains of the Shopify stores you compete with and get a side-by-side comparison: how big each catalog is, median and range of prices, how much of it is discounted and how deep, what is sold out, and which products were added in the last weeks. No API key, no login, no proxy"
Redcare IT Scraper - Italian Pharmacy Products & Prices,Studio Amba,https://apify.com/studio-amba/redcare-it-scraper?fpr=youssef,reviews,1,2,,0,"Scrape product data from redcare.it (Redcare Pharmacy Italy). Extract names, brands, prices, EAN barcodes, ratings, stock, and images for Italian pharmacy and health products"
Hareruya2 Scraper - Japanese Pokemon Card Prices (JPY),lulz bot,https://apify.com/lulzasaur/hareruya2-scraper?fpr=youssef,shopify-stores,1,2,,0,"Scrape Hareruya2 (hareruya2.com), Japan's major Pokemon TCG singles retailer. Search cards or scrape set collections for card name, set code/name, rarity, collector number, condition rank, price in JPY, stock and product URL from its Shopify storefront JSON"
Shopify Product Feed Scraper - ChatGPT Shopping & UCP Export,George Kioko,https://apify.com/george.the.developer/shopify-agentic-commerce-product-feed?fpr=youssef,shopify-stores,1,2,,0,"Shopify product feed scraper and validator: export any public Shopify store as an agent-ready feed - normalized products with variants, price, availability and GTINs, validated against the OpenAI product feed spec and Google UCP attributes, with fix-it errors and free drift monitoring"
AutoScout24 Cars Scraper - Used Listings DE AT IT,Noah Adler,https://apify.com/noahadler/autoscout24-cars?fpr=youssef,other-ecommerce,1,2,,0,"Scrape AutoScout24 used-car listings (DE/AT/IT) by make and model - BMW 3er, Golf, A4. Price EUR, mileage, year, fuel, dealer, detail URL. HTTP scraper; enable RESIDENTIAL proxy (DE/AT/IT) if you hit 403"
"Shopify Store Intelligence: Apps, Markets, Tech",Ahmed Ibrahim,https://apify.com/launchgulf/shopify-store-intelligence?fpr=youssef,shopify-stores,1,2,,0,"Analyze any Shopify store: installed apps, theme, currencies, languages, international markets, shipping countries, payment and buy-now-pay-later options, product count, prices and social links"
Landcentury Property Info Scraper,GetDataForMe,https://apify.com/getdataforme/landcentury-propertyInfo-scraper?fpr=youssef,other-ecommerce,1,2,,0,"The Landcentury Property Info Scraper extracts detailed property data from Landcentury, ideal for real estate professionals. It offers comprehensive data retrieval, high accuracy, fast performance, and flexible output formats"
"Target Product Scraper - Prices, Ratings & Stock",Clootrack,https://apify.com/clootrack/target-product-viability-scraper?fpr=youssef,us-retailers,1,2,,0,"Scrape Target.com search results by keyword: product titles, brands, prices, ratings, review counts and stock status. Public data only, exported as JSON/CSV/Excel"
Whisky Advocate Scraper,lulz bot,https://apify.com/lulzasaur/whiskyadvocate-scraper?fpr=youssef,reviews,1,2,,0,"Scrapes whisky reviews and ratings from WhiskyAdvocate.com. Extracts whisky name, score, price, style, reviewer, issue, review text, and more from 7,900+ expert reviews"
"ToyWiz Scraper - Action Figures, Toys & TCG Prices",lulz bot,https://apify.com/lulzasaur/toywiz-scraper?fpr=youssef,other-ecommerce,1,2,,0,"Scrape ToyWiz.com action figures, toys & trading cards. Get title, brand, series, category, price, MSRP discount, pre-order status, availability, stock qty, image, URL. Search any product line (McFarlane, Funko, Pokemon, WWE). Fast JSON API. Structured output"
CMPLEXPO Exhibitors Scraper,Tin,https://apify.com/dtrungtin/cmplexpo-exhibitors-scraper?fpr=youssef,other-ecommerce,1,2,,0,
Merchant Feed Checker and Fixer for Google Merchant Center,Jack Valmadre,https://apify.com/madrasco/merchant-feed-checker?fpr=youssef,other-ecommerce,1,2,,0,"Checks a Google Merchant Center product feed (TSV, CSV, RSS 2.0 or Atom XML) against Google's published product data specification. One row per item with its problems, plus a corrected feed with only safe mechanical fixes and a change log. Never invents product data"
Website Tech Stack Analysis: Technographic & Firmographic Data,Stackscan,https://apify.com/stackscan/website-tech-stack-analysis?fpr=youssef,other-ecommerce,1,2,5,1,"Analyse the tech stack of any list of websites. Returns technographic data, the technologies each site runs, and optional firmographic data, the company behind it, at up to 100 domains per call"
PropertyRoom Scraper - Police & Agency Surplus Auctions,lulz bot,https://apify.com/lulzasaur/propertyroom-scraper?fpr=youssef,other-ecommerce,1,2,,0,"Scrape PropertyRoom.com police, agency, and government surplus auctions. Get lot IDs, titles, current bids, bid counts, time left, categories, listing URLs, and images. Search by keyword or browse by category"
Canada Profileinfo Parser Spider,GetDataForMe,https://apify.com/getdataforme/canada-profileinfo-parser-spider?fpr=youssef,other-ecommerce,1,2,,0,"Extract detailed information from Canadian government websites with high accuracy and efficiency. Features include customizable output formats, fast processing, and comprehensive data extraction for market research, competitive analysis, and more"
Xbox Store Scraper,Crawler Bros,https://apify.com/crawlerbros/xbox-store-scraper?fpr=youssef,reviews,1,2,,0,"Scrape the official Xbox Store (xbox.com/games/store) - search games, browse the storefront with sort options, and fetch rich game detail (price, discount, ESRB rating, genres, platforms, media) by product ID"
Bidsquare Auction House Lot Listings Scraper,BowTiedRaccoon,https://apify.com/jungle_synthesizer/bidsquare-auction-house-lot-listings-scraper?fpr=youssef,other-ecommerce,1,2,,0,"Scrapes live, upcoming, and closed auction lots from Bidsquare, covering roughly 250 member auction houses. Each record includes lot descriptions, category, estimate range, bidding status, and hammer price for closed lots"
Mercari Japan Underpriced Deals - Under the Sold Price,h ichi,https://apify.com/jpmarketdata/mercari-japan-underpriced-deals?fpr=youssef,global-marketplaces,1,2,,0,"Type a keyword and get the Mercari Japan listings on sale now for less than the item usually sells for. Returns each deal with price, discount vs the sold median, condition and link, plus the sold median behind it. +; unusable sold prices = no charge. Unofficial"
DHgate 爬蟲｜跨境批發商品、價格、MOQ、供應商一鍵匯出（免 API）,Chad,https://apify.com/claude_code_reviewer/dhgate-scraper?fpr=youssef,chinese-marketplaces,1,2,,0,免登入抓 DHgate 商品：關鍵字搜尋列表，含批發價格區間、最低起訂量 MOQ、近期銷量、評分、賣家好評率與供應商，輸出 JSON／CSV／Excel。跨境批發選品、比價、供應商情報必備。
Bytbil Scraper - Swedish Car Listings & Dealer Data,Studio Amba,https://apify.com/studio-amba/bytbil-scraper?fpr=youssef,other-ecommerce,1,2,,0,"Scrape used car listings from Bytbil.com, Sweden's #2 dedicated car classifieds site. Extract prices, specs, mileage, fuel type, dealer info. No login required"
"Zavvi Scraper - Entertainment, Collectibles, Blu-ray & Merchand",Studio Amba,https://apify.com/studio-amba/zavvi-scraper?fpr=youssef,other-ecommerce,1,2,,0,"Scrape entertainment products, collectibles, Blu-rays, clothing, toys, trading cards, and merchandise from Zavvi.com. Supports search queries, multiple currencies (GBP/EUR/USD), and pagination. Uses Zavvi's GraphQL API for fast, reliable data extraction"
"Google Flights Scraper & Price Monitor: Fare Alerts, Calendar",Superior Actors,https://apify.com/s_actors/google-flights-scraper?fpr=youssef,price-comparison,1,2,5,1,"Scrape Google Flights for many routes and dates in one run. All flights with prices, airlines, stops and CO2, a price calendar up to 11 months ahead, and price-drop alerts that report only fares that changed since the last run. One-way, round trip, multi-city"
Herold.at Company Scraper - Billig Cheap,Storm_Scraper,https://apify.com/scrapestorm/herold-at-company-scraper---billig-cheap?fpr=youssef,reviews,1,2,5,1,"Looking to collect business listings from Herold.at? With this Scraper you can extract company information directly from Herold Gelbe Seiten search pages, including company name, industry, ratings, address, phone number, website, email & more Perfect for lead generation & B2B datasets"
All Vehicle Scraper (49 Sites),AgentX,https://apify.com/agentx/all-vehicle-scraper?fpr=youssef,other-ecommerce,1,2,,0,"Car listings scraper for 49 country-aware marketplaces, classifieds, dealer inventories, and auction sources. Return 37 normalized fields for prices, vehicle details, sellers, images, and source URLs"
"eBay Product Scraper - Prices, Ratings & Listings",kane liu,https://apify.com/lentic_clockss/ecommerce-scraper?fpr=youssef,ebay-etsy,1,2,,0,"Scrape eBay product listings in one run. Get titles, prices, conditions, ratings, images, and shipping details for marketplace pricing and product research"
WooCommerce Products Scraper & Price Tracker,JT Palms,https://apify.com/jtpalms/woocommerce-store-products?fpr=youssef,shopify-stores,1,2,,0,"Scrape every product from any WooCommerce store through its public Store API: prices, sale prices, stock, SKUs, categories, tags, attributes, ratings and images. Schedule it to track price drops, price increases, restocks, sell-outs, new and removed products. Pay only per product"
Etsy Search Scraper,datacortex,https://apify.com/datacortex/etsy-search-scraper?fpr=youssef,ebay-etsy,1,2,,0,"Search Etsy by keyword and export listing ID, title, price, shop name, thumbnail, and listing URL"
Etsy Price Tracker API - Monitor Prices on a Schedule,Blackcube,https://apify.com/vonsensey/etsy-price-tracker-api?fpr=youssef,ebay-etsy,1,2,,0,"Put a list of Etsy listings or a search term on a daily schedule and get every price, option price range, quantity and favourite count back in the same shape each run. No run-start fee. US dollars on every row, plus the run locale's currency. Pay per listing"
Fiverr Full-Site Gig Scraper - Search & Categories,kane liu,https://apify.com/lentic_clockss/fiverr-programming-tech-gigs-scraper?fpr=youssef,reviews,1,2,,0,"Collect current Fiverr gig listings across the full site catalog or by search query. Export prices, seller signals, ratings, and listing URLs for sourcing and competitor research"
"Mobile.de Scraper: Cars, Prices, Dealers & Phones",axly,https://apify.com/axlymxp/mobile-de-scraper?fpr=youssef,other-ecommerce,1,2,,0,"Export mobile.de vehicle listings: price, specs, location, dealer name, address and phone. Search by URL, filters or plain words, all vehicle types, no 2,000-result limit. Optional full details: description, equipment, AI summary, dealer VAT imprint. Pay only for results"
"Fast Amazon Product Scraper - Price, ASIN & BSR Extractor",David Sandor,https://apify.com/trusted_tech_spot/fast-amazon-product-scraper?fpr=youssef,amazon,1,2,,0,"Scrapes Amazon products without API keys: ASIN extraction, live pricing, stock status, ratings, total review counts, feature bullet points, and high-res image galleries"
Etsy Product Scraper,datacortex,https://apify.com/datacortex/etsy-product-scraper?fpr=youssef,ebay-etsy,1,2,,0,"Look up Etsy listings by ID or URL and export title, price, shop, images, rating, and shipping origin"
Shopify Apps Detector - Store Tech Stack Scraper,Blackcube,https://apify.com/vonsensey/shopify-apps-detector-tech-stack-scraper?fpr=youssef,shopify-stores,1,2,,0,"Find out which apps a live Shopify store actually has installed - email, reviews, subscriptions, support, loyalty, page builders and analytics - alongside its theme, size and country. Build install-base lists, or target the stores missing a category of app entirely"
TruckScout24 Scraper,Lowland Data,https://apify.com/lowlanddata/truckscout24-scraper?fpr=youssef,other-ecommerce,1,2,,0,"TruckScout24 is Europe's leading marketplace for used trucks, trailers and buses, and the category pages hold more live listings than any export gives you. Rows give net and gross price, vehicle type, location and category. No trader identity collected"
"App Store Scraper - iOS App Ratings, Reviews, Metadata, ASO",Snow Leo Data,https://apify.com/snow_leo_data/app-store-scraper?fpr=youssef,reviews,1,2,,0,"Apple App Store scraper across 59 storefronts: 500 reviews per storefront per sort order, and two sort windows returned 1,000 distinct reviews on one app with zero overlap, measured. Scrape app store reviews, ratings and charts"
Facebook Marketplace Listings Scraper,Bakos Bence,https://apify.com/bakos_bence/facebook-marketplace-hu-re?fpr=youssef,global-marketplaces,1,2,,0,"Scrape Facebook Marketplace listings worldwide without login. Export prices with currency, titles, cities, images, and listing URLs. Seller PII never written. Prefers Residential proxy in the target country. Unofficial - not affiliated with Meta or Facebook"
Depop Sold Comps - Sold Items & Last Ask,Noah Adler,https://apify.com/noahadler/depop-sold-comps?fpr=youssef,global-marketplaces,1,2,,0,"Scrape depop sold items and depop sold comps: itemId, title, last ask, status sold or removed. For resellers who want depop shop sold in a spreadsheet - not a live listings dump. Last ask is not an invented hammer. RESIDENTIAL GB"
E-Commerce Universal Product & Price Extractor,David Sandor,https://apify.com/trusted_tech_spot/ecommerce-product-extractor?fpr=youssef,amazon,1,2,,0,"Extracts real-time structured product details, price, discount, availability, stock, rating, SKU, and specs from any online store or product URL (Shopify, Amazon, WooCommerce, etc.)"
Shopify Email Scraper - Store Owner Contact Finder,Blackcube,https://apify.com/vonsensey/shopify-email-scraper-store-contact-finder?fpr=youssef,shopify-stores,1,2,,0,"Paste Shopify store URLs and get back every contact route each one publishes: the best contact email, all addresses found, phone, and handles for seven social networks. Role addresses on the store's own domain are ranked ahead of personal inboxes. Stores with no address cost nothing"
Fast Zillow Property Details & Home Valuation Scraper,David Sandor,https://apify.com/trusted_tech_spot/fast-zillow-property-scraper?fpr=youssef,other-ecommerce,1,2,,0,"Scrapes Zillow real estate listings: home price, Zestimate valuation, rent estimate, square footage, bed/bath count, lot size, property tax, and high-res image galleries"
Olive Young Product Scraper: Ingredients & Prices,Pradio Actors,https://apify.com/pradio/olive-young-product-scraper?fpr=youssef,reviews,1,2,,0,"Scrape Olive Young prices, stock and full ingredient lists with this Olive Young product scraper: search by keyword, category, product URL or best-seller page; each row carries discount, rating, size and manufacturer at one price. Optional review statistics. No login"
Just Eat Restaurants - Area Listings & Delivery,Bakos Bence,https://apify.com/bakos_bence/justeat-restaurants?fpr=youssef,reviews,1,2,,0,"Scrape Just Eat restaurant listings from area URLs - name, cuisines, ratings, delivery ETA, fees, address, deals, and public business contact when shown on the listing"
Gumtree UK Classified Listings,Bakos Bence,https://apify.com/bakos_bence/gumtree-listings?fpr=youssef,global-marketplaces,1,2,,0,"Scrape Gumtree UK (and AU/NZ/ZA) classified listings from search URLs - title, price with currency, location, and listing URL. Unofficial - not affiliated with Gumtree"
Walmart Product Scraper,datacortex,https://apify.com/datacortex/walmart-product-scraper?fpr=youssef,us-retailers,1,2,,0,"Look up Walmart products by ID or URL and export title, price, rating, images, seller, and fulfillment"
"ALDI Scraper: Prices & Special Buys (AU, UK, IE)",Fabrica Labs,https://apify.com/fabricalabs/aldi-products?fpr=youssef,us-retailers,1,2,,0,"Scrape ALDI Australia, UK and Ireland by search term, category, Special Buys date or SKU. Get price, was price, unit price, Special Buys on-sale date, brand, pack size, categories and images, plus optional ingredients, allergens and nutrition. No browser;"
Etsy Print on Demand Research - Digital & POD Niches,Blackcube,https://apify.com/vonsensey/etsy-print-on-demand-research-tool?fpr=youssef,ebay-etsy,1,2,,0,"Research the print-on-demand and digital-download side of Etsy: which designs sell, what they charge, how many favourites they hold and the exact tags they rank on. Filter to digital products only, or exclude them to see physical rivals. Pay per listing, no run-start fee"
eBay Price Tracker API - Monitor Listings,Blackcube,https://apify.com/vonsensey/ebay-price-tracker-api?fpr=youssef,ebay-etsy,1,2,,0,"Track eBay prices on a schedule. Price, shipping and condition per listing, plus watchers and sold count where eBay shows them, as JSON or CSV, on 19 marketplaces. No actor start fee, so frequent runs stay cheap. Cap any run's cost in dollars"
"Wallapop Vendidos - Last Ask, Sold or Reserved",Noah Adler,https://apify.com/noahadler/wallapop-sold-comps?fpr=youssef,espana-latam,1,2,,0,"Scrape wallapop vendidos and reserved listings in Spain: itemId, title, last ask, sold or reserved status. Wallapop sold comps for resellers - not a live ads dump. Last ask only. RESIDENTIAL ES recommended"
Meta Ad Library Scraper,Agnes Maina,https://apify.com/agnes.developer.queen/meta-ad-library-scraper?fpr=youssef,ads-and-trends,1,2,,0,"Meta Ad Library Scraper returns every ad a brand runs on Facebook and Instagram: copy, picture or video, run dates and days running, and reach, targeting and payer for ads shown in the EU. No login.. Monitor mode reports new, 30/60/90-day and stopped ads"
myshopify Domain List Scraper - Store Handles & URLs,Blackcube,https://apify.com/vonsensey/myshopify-store-domain-list-scraper?fpr=youssef,shopify-stores,1,2,,0,"Build a clean list of myshopify.com store handles mapped to the real primary domain each one resolves to, with the store's own permanent Shopify ID as a join key. One store reached two ways is one row, so lists from different sources merge without duplicates"
Vatera.hu Marketplace Listings,Bakos Bence,https://apify.com/bakos_bence/vatera?fpr=youssef,other-ecommerce,1,2,,0,"Scrape Vatera.hu marketplace listings by category - HUF prices, titles, listing URLs. Unofficial - not affiliated with Vatera"
Amazon Price Tracker API - Monitor Price Changes by ASIN,Blackcube,https://apify.com/vonsensey/amazon-price-tracker-api?fpr=youssef,amazon,1,2,,0,"Put a list of ASINs on a schedule and get a row only when the price, availability or Buy Box seller actually changes. Unchanged products come back free, so a daily or hourly watch costs almost nothing, and each billed row names which field moved. No run-start fee"
Amazon Product Scraper,datacortex,https://apify.com/datacortex/amazon-product-scraper?fpr=youssef,amazon,1,2,,0,"Full Amazon product record by ASIN -- title, price, rating, images, variants, stock"
JóAutók.hu Used Car Listings,Bakos Bence,https://apify.com/bakos_bence/joautok?fpr=youssef,other-ecommerce,1,2,,0,"Scrape JóAutók.hu dealer used-car listings - HUF prices, year, mileage, make/model, dealer city. Unofficial - not affiliated with JóAutók"
Depop Fashion Listings Scraper,Bakos Bence,https://apify.com/bakos_bence/depop-listings?fpr=youssef,global-marketplaces,1,2,,0,"Scrape Depop public listings by search or category - brand, price with currency, sizes, condition, and images. Seller identity never included. Unofficial; not affiliated with Depop"
"Fast Airbnb Rentals, Pricing & Host Scraper",David Sandor,https://apify.com/trusted_tech_spot/fast-airbnb-rentals-scraper?fpr=youssef,reviews,1,2,,0,"Scrapes Airbnb listings by destination or property URL: nightly price, total price, cleaning fees, star ratings, review count, superhost badge, room type, coordinates, and photo galleries"
Fast eBay Sold Listings & Price Comps Scraper,David Sandor,https://apify.com/trusted_tech_spot/fast-ebay-sold-listings-scraper?fpr=youssef,ebay-etsy,1,2,,0,"Scrapes confirmed historical sold prices on eBay for market valuation, resale comps, and price research: final price, shipping costs, bids count, end date, and condition"
"Shopify Competitor Analysis - Size, Stack & Prices",Blackcube,https://apify.com/vonsensey/shopify-competitor-analysis-scraper?fpr=youssef,shopify-stores,1,2,,0,"Profile competitor Shopify stores in one run: catalogue and collection counts, price band, vendors and product types, theme and installed apps, country and currency, and whether they are still shipping new products. A store-level competitor snapshot from a list of domains"
Chrono24 Scraper - Watch Prices & Last Ask,Noah Adler,https://apify.com/noahadler/chrono24-sold-comps?fpr=youssef,other-ecommerce,1,2,,0,"Scrape Chrono24 search: listingId, title, last ask, currency, status (in stock, sold badge, or removed). Chrono24 watch prices for dealers - not a sold archive and not an invented hammer. Public HTML only. RESIDENTIAL DE"
"Fast Booking.com Hotels, Pricing & Availability Scraper",David Sandor,https://apify.com/trusted_tech_spot/fast-booking-hotel-scraper?fpr=youssef,reviews,1,2,,0,"Scrapes hotel rates and accommodations on Booking.com: hotel name, nightly price, tax inclusion, star rating, review score, review count, address, room types, and free cancellation status"
Return Serial Provenance Evidence,Gilad Ronen,https://apify.com/h_murdock/return-serial-provenance-evidence?fpr=youssef,other-ecommerce,1,2,,0,"Compare serialized return units with declared original fulfillment and prior receipt exports. Retain wrong-source serials, missing serials, duplicate records and ambiguous fulfillment cycles. JSON or mapped CSV; no refund or fraud decisions"
Firecrawl Competitive Intel,The Howlers,https://apify.com/alizarin_refrigerator-owner/firecrawl-competitive-intel?fpr=youssef,other-ecommerce,1,2,,0,"irecrawl Competitive Intelligence Discover Competitor Pricing, Features & Key Pages using Firecrawl's Map + Scrape endpoints. Auto-discovers relevant pages and extracts structured data for competitive analysis"
Used Car Data Scraper - Canada,MrDoe,https://apify.com/mrdoe/used-car-multiple-source?fpr=youssef,global-marketplaces,1,2,,0,"Scrape Canadian used-car listings from AutoTrader.ca, CarGurus.ca, Kijiji, Craigslist, Carpages.ca, and UsedCarCanada.ca. Get normalized vehicle data including prices, mileage, VINs, seller details, locations, images, and listing URLs"
MercadoLibre Price Monitor (Colombia/LATAM),jose olmedo soto aguirre,https://apify.com/joseolmedosotoaguirre/mercadolibre-price-monitor?fpr=youssef,espana-latam,1,2,,0,Scrape public MercadoLibre product listings by keyword for legitimate price monitoring and competitive analysis across Colombia and LATAM
MercadoLibre Inmuebles Scraper (AR + MX),Philip Kirkbride,https://apify.com/barefoot_grade/ml-inmuebles-scraper?fpr=youssef,espana-latam,1,2,,0,"MercadoLibre inmuebles scraper for Argentina and Mexico. Search real-estate listings (sale and rent) by province/city and property type. Extracts price in local currency, location, attributes, photos and listing URL"
MercadoLibre Fast Scraper,Tin,https://apify.com/dtrungtin/mercadolibre-fast-scraper?fpr=youssef,espana-latam,1,2,,0,"search results - and, optionally, every product page they list - on all 18 Latin American country sites: Argentina, Brazil, Mexico, Chile, Colombia, Uruguay, Peru and the rest. Search by keyword or paste any search, category or product URL (filters and sorting included)"
MercadoLibre Trends Scraper,Danilo Frias,https://apify.com/stilled_stalagmite/mercadolibre-trends-scraper?fpr=youssef,espana-latam,1,2,,0,Scrape trending searches and popular products on MercadoLibre to spot market trends early
MercadoLibre Official Stores Scraper,Danilo Frias,https://apify.com/stilled_stalagmite/mercadolibre-official-stores-scraper?fpr=youssef,espana-latam,1,2,,0,"Scrape product catalogs from MercadoLibre official brand stores: prices, stock, and product details"
MercadoLibre Best Sellers Scraper,Danilo Frias,https://apify.com/stilled_stalagmite/mercadolibre-best-sellers-scraper?fpr=youssef,espana-latam,1,2,,0,"Scrape MercadoLibre best-seller rankings and product data: titles, prices, sold counts, and ratings"
MercadoLibre Competitor Price & Stock Change Monitor,Rafael Barreto Haddad,https://apify.com/quanmatrix/mercadolibre-competitor-price-stock-change-intelligence?fpr=youssef,espana-latam,1,2,,0,"Turn recurring ecommerce datasets into mercadolibre competitor price and stock change intelligence with snapshot deltas, confidence-scored GO/WARN/BLOCK decisions, and agent-ready recommended actions. Returns structured, machine-readable results for repeatable research, monitoring"
MercadoLibre Email Scraper,Neuro Scraper,https://apify.com/neuro-scraper/mercadolibre-email-scraper?fpr=youssef,espana-latam,1,2,,0,"MercadoLibre Email Scraper SD - MercadoLibre Email Scraper is a lead generation tool that extracts leads with public contact emails, account names and profile URLs from MercadoLibre results by keyword, location and email domain - MercadoLibre email extractor"
MercadoLibre Product & Seller Data Scraper,Muhammad Afzal,https://apify.com/muhammadafzal/mercadolibre-product-seller-scraper?fpr=youssef,espana-latam,1,2,,0,"Scrape MercadoLibre products, prices, specifications, images, and public seller profiles for catalog monitoring and market research"
MercadoLibre Exodus Intelligence Feed,Khadin Akbar,https://apify.com/khadinakbar/mercadolibre-exodus-intelligence-feed?fpr=youssef,espana-latam,1,2,,0,"Authenticated MercadoLibre API feed for premium listing enrichment - descriptions, seller signals, and authorized Mexican vehicle compatibility. Requires owner OAuth token"
Mercado Libre Questions Scraper,FalconScrape,https://apify.com/piotrv1001/mercado-libre-questions-scraper?fpr=youssef,espana-latam,1,2,,0,"The Mercado Libre Questions Scraper collects buyer questions and seller answers from Mercado Libre listings in Mexico, Argentina and Brazil, capturing question text, answers, answer dates and translation flags \u2014 ideal for product research and competitor monitoring"
Falabella Product Search Scraper,Stealth mode,https://apify.com/stealth_mode/falabella-product-search-scraper?fpr=youssef,espana-latam,1,2,,0,"Scrape product listings from Falabella.com with precision. Collect prices, specifications, ratings, seller info, and 30+ fields per product - perfect for price monitoring, competitor analysis, and market research across Falabella's extensive catalog"
"Falabella Scraper - Products, Prices, Sellers & Reviews",Abot API,https://apify.com/abotapi/falabella-marketplace-scraper?fpr=youssef,espana-latam,1,2,,0,"Scrape Falabella, Latin America's leading retail marketplace: products with local prices, discounts, ratings and seller info across the Chile, Colombia and Peru storefronts. Search keywords or paste links, and monitor price changes with recurring updates"
Falabella Product Search Scraper,Danilo Frias,https://apify.com/stilled_stalagmite/falabella-product-search-scraper?fpr=youssef,espana-latam,1,2,,0,"Scrape Falabella product search results: prices, discounts, brands, and availability across Latin America"
Falabella Scraper - Chile & Colombia Product Prices,Logiover,https://apify.com/logiover/falabella-product-scraper?fpr=youssef,espana-latam,1,2,,0,"Export the Falabella catalogue in Chile and Colombia: product name, brand, SKU, current price, crossed-out list price, CMR card price, discount percentage, star rating, review count, marketplace seller, badges, variants and every product image URL"
Liverpool Mexico Products & Prices Scraper,Scrapers Lat,https://apify.com/scrapers_lat/liverpool-mexico-scraper?fpr=youssef,espana-latam,1,2,,0,"Scrape products from Liverpool (liverpool.com.mx) by keyword: name, brand, current and original price in MXN, discount, SKU, rating, review count, availability, category, seller (Liverpool vs marketplace), image and product URL. Export to JSON, CSV or Excel"
Mercadona Precios Scraper - Productos y ofertas ES,Noah Adler,https://apify.com/noahadler/mercadona-precios?fpr=youssef,espana-latam,1,2,,0,"Extrae precios de Mercadona (tienda.mercadona.es): nombre, precio, precio unidad, categoría, EAN, URL y disponibilidad. Busca por keyword o categoría (CP/almacén). HTTP JSON público. PPE por producto"
Mercadona Novedades Scraper - New Products With Photo,Noah Adler,https://apify.com/noahadler/mercadona-novedades?fpr=youssef,espana-latam,1,2,,0,"Lista solo las novedades de Mercadona (tienda.mercadona.es): productos nuevos con foto, precio, categoría y URL. Ideal para vídeos TikTok de lanzamientos. No es un buscador genérico ni bajadas de precio. PPE por producto"
"Mercadona Grocery Scraper - Prices, EAN & Catalog",Scrapers Lat,https://apify.com/scrapers_lat/mercadona-grocery-scraper?fpr=youssef,espana-latam,1,2,,0,"Scrape Mercadona's full grocery catalog: product name, price, price-per-unit, packaging/format, brand, EAN barcode, origin, ingredients and category. Export to JSON, CSV or Excel"
Wallapop Listings Extractor,Kawsar,https://apify.com/kawsar/wallapop-listings-extractor?fpr=youssef,espana-latam,1,2,,0,"Wallapop listings extractor that scrapes public Wallapop ads for price, images, location, and seller info so you can monitor second-hand markets without manual browsing"
Wallapop Spain Scraper - Classified Ads & Prices,Noah Adler,https://apify.com/noahadler/wallapop-spain-scraper?fpr=youssef,espana-latam,1,2,,0,"Scrape Wallapop Spain by keyword and city: title, price, location, shipping and images. Fast JSON path for secondhand market research and lead generation. Clean ad schema for Spain C2C pricing and sourcing"
"Wallapop New Listings Alert (Spain, Italy, Portugal)",Superslow Sloth,https://apify.com/superslowsloth/wallapop-listings?fpr=youssef,espana-latam,1,2,,0,"Newest Wallapop listings for a keyword or category near a city in Spain, Italy or Portugal, one flat row each: title, price in EUR, previous price, location, shipping, photos, item URL - and whether each listing is new, cheaper or dearer than on the last run"
Wallapop Seller Scraper: Listings & Reviews,Epic Scrapers,https://apify.com/epicscrapers/wallapop-seller-scraper?fpr=youssef,espana-latam,1,2,,0,"Extract Wallapop sellers’ active listings, profiles, ratings, sales counts, and received reviews. Start with seller IDs, profile URLs, or item URLs. Use the data to compare sellers and monitor their listings"
Wallapop Scraper - Live Resale Market Data,Emmanuel,https://apify.com/b2b_leads/Wallapop-Real-Time-Data-Scraper?fpr=youssef,espana-latam,1,2,,0,"Live Wallapop resale market intelligence: keyword search, full product details, closet inventory, seller profiles, and sold comps across Spain, Italy, Portugal, and the UK. Structured JSON streamed in real time with webhook alerts - perfect for thrift resellers, arbitrage, and pricing bots"
Wallapop + Vinted + Milanuncios Scraper - Spain,reventadata,https://apify.com/reventadata/wallapop-vinted-milanuncios-scraper?fpr=youssef,espana-latam,1,2,,0,"Search Wallapop, Vinted, Milanuncios, Cash Converters and eBay Spain with one keyword and get one table of listings, each row labelled with the marketplace it came from. Price, condition, seller type, link, and the full native row"
Wallapop Scraper - Barato Low-cost,Prime Scrape,https://apify.com/delectable_incubator/wallapop-scraper-barato-low-cost?fpr=youssef,espana-latam,1,2,5,1,"Scrape Wallapop listings with a powerful marketplace scraper. Extract product titles, prices, descriptions, brands, models, vehicle specs, locations, images, shipping, seller indicators & listing URLs. Perfect for price analysis, marketplace intelligence & product datasets"
Milanuncios Spain Scraper - Classified Ads API,Noah Adler,https://apify.com/noahadler/milanuncios-spain-scraper?fpr=youssef,espana-latam,1,2,,0,"Scrape Milanuncios.com by keyword and province: title, price, city, seller type and images. Structured Spain classifieds for secondhand research and lead gen. UTF-8-safe export ready for data pipelines"
Rappi Restaurant Scraper,Crawler Bros,https://apify.com/crawlerbros/rappi-scraper?fpr=youssef,espana-latam,1,2,,0,"Scrape Rappi restaurant listings across Latin America. Get name, cuisine, address, rating, delivery fee and ETA by city, with cuisine and keyword search filters. Mexico, Peru, Argentina, Chile, Uruguay, Ecuador"
Shopify AI Rank Checker,One Scales,https://apify.com/onescales/shopify-ai-rank-checker?fpr=youssef,shopify-stores,1,1,5,1,"Shopify Global Catalog ranking checker tool for ChatGPT, Gemini, Perplexity & Grok shopping results. Spot competitors and data gaps instantly"
SignalRadar,REXREUS D.O,https://apify.com/rexreus/SignalRadar?fpr=youssef,other-ecommerce,1,1,5,2,"Smart competitor tracking built for AI Agents! SignalRadar monitors pricing, jobs, & product changes without the noise. Access structured JSON-LD data and markdown briefs directly in your IDE (Cursor/Windsurf) using the Model Context Protocol (MCP) server. Cost-effective & fast!"
28car API,TrueFetch,https://apify.com/truefetch/28car-api?fpr=youssef,other-ecommerce,1,1,,0,"28car API for public Hong Kong vehicle listings by keyword. Return 37 normalized fields for HKD prices, vehicle attributes, seller context, images, and source URLs with 28car-only routing"
ASOS Product Scraper | Fashion Prices & SKUs,kane liu,https://apify.com/lentic_clockss/asos-scraper?fpr=youssef,global-marketplaces,1,1,,0,"Scrape ASOS.com fashion products - keyword search, category PLP & PDP. Extract prices, brands, colourWayId, sizes, images across global markets. Export Excel/CSV/JSON. Unofficial"
Cdiscount Product Scraper | FR Prices & Offers,kane liu,https://apify.com/lentic_clockss/cdiscount-scraper?fpr=youssef,global-marketplaces,1,1,,0,"Scrape Cdiscount.com (France) products - keyword search, categories, campaigns, reconditioned & PDP. Extract prices, GTIN, ratings, sellers, shipping & offers. Export Excel/CSV/JSON"
Farmacity Argentina,Latin America Data,https://apify.com/latinamericadata/farmacity-product-scraper?fpr=youssef,other-ecommerce,1,1,,0,"Extrae productos, precios en pesos argentinos, stock, promociones, descuentos, imagenes, categorias, EAN y datos SKU de Farmacity Argentina usando el catalogo publico VTEX"
"Newegg Scraper - PC Parts Prices, Ratings & Stock (No API Key)",Jaime Martinez,https://apify.com/jamhimself/newegg-search-scraper?fpr=youssef,reviews,1,1,,0,"Scrape Newegg search results as clean JSON: title, price, brand, model, rating, review count, stock, image, and URL. Bulk, no API key"
"Walmart Search Scraper - Products, Categories & Deals",ScrapeBadger,https://apify.com/scrape.badger/walmart-search-scraper?fpr=youssef,us-retailers,1,1,,0,"Scrape Walmart.com search results, category browse pages and the deals feed: price, rating, review count, seller, availability and fulfilment for every item. Filter by price range and facets"
"Etsy Product Research Tool - Demand, Price & Tag Data",Blackcube,https://apify.com/vonsensey/etsy-product-research-tool?fpr=youssef,ebay-etsy,1,1,,0,"Find what sells on Etsy before you list. One search term sweeps a whole niche through Etsy's own ranked suggestions and returns every product with favourites, price in USD with its option range, and all 13 SEO tags. Pay per product, no run-start fee"
Amazon Sales Rank Tracker API - BSR Monitoring by ASIN,Blackcube,https://apify.com/vonsensey/amazon-sales-rank-tracker-api?fpr=youssef,amazon,1,1,,0,"Track Best Sellers Rank for a list of ASINs on a schedule. A product is billed only when its sales rank or price moves; unchanged products are free. Every rank in every category the product sits in, not just the headline number. No run-start fee"
Shopify Scraper - Stores & Products,Spool,https://apify.com/spool/shopify-store-products-scraper?fpr=youssef,shopify-stores,1,1,,0,"Shopify store scraper and Shopify products scraper in one run: every product and variant with GTIN barcodes, plus store-level launch velocity, price positioning, discounting, brand model and the apps the store runs"
Shopify Store Finder - Discover Ecommerce Stores,Blackcube,https://apify.com/vonsensey/shopify-ecommerce-store-finder?fpr=youssef,shopify-stores,1,1,,0,"Find Shopify stores you do not already have URLs for, then qualify them in the same run. Filter by country, catalogue size, activity and keywords; every store that fails a filter is free. Each result carries contact details, store size, theme, apps, price band and currency"
Temu Product Scraper | Prices Sold Global,kane liu,https://apify.com/lentic_clockss/temu-scraper?fpr=youssef,chinese-marketplaces,1,1,,0,"Scrape Temu (www.temu.com) - keyword search, category & channel PLPs, home discover & PDP across US, UK, EU, Asia & more. Extract goodsId, prices, ratings, sold counts, images. Export Excel/CSV/JSON for e-commerce research & price monitoring"
MercadoLibre Argentina Vehicle Scraper,rainminer,https://apify.com/rainminer/mercadolibre-ar-scraper?fpr=youssef,espana-latam,1,1,,0,"Scrape MercadoLibre Argentina vehicle listings from auto.mercadolibre.com.ar search and detail pages. Export make, model, price in ARS, year, mileage, fuel, transmission, location, images, and listing URLs. Structured JSON or CSV for Argentine used-car market research and dealer intelligence"
MercadoLibre Search Scraper,ParseBird,https://apify.com/parsebird/mercadolibre-search-scraper?fpr=youssef,espana-latam,1,1,,0,"Search MercadoLibre by keyword or scrape a results URL to extract product listings: titles, prices, discounts, installments, shipping, sellers, and ratings"
MercadoLibre Reviews Scraper,axly,https://apify.com/axlymxp/mercadolibre-reviews-scraper?fpr=youssef,espana-latam,1,1,,0,"Scrape MercadoLibre & MercadoLivre product reviews plus the rating summary - average score, 5-to-1 star distribution, photo/video counts, and MercadoLibre's own AI review summary. 18 countries, no proxy needed. Pay only for the results you get"
Mercado Libre Search Results Scraper,DevilScrapes,https://apify.com/devilscrapes/mercadolibre-scraper?fpr=youssef,espana-latam,1,1,,0,"Scrape Mercado Libre Mexico product search results by keyword. Get normalized rows with title, seller, rating, sale/list price, discount percent, installments, and shipping text - built for price monitoring and catalog research. No login required"
Mercado Libre Deals & Best Sellers Scraper,Dami's Studio,https://apify.com/dami_studio/mercadolibre-scraper?fpr=youssef,espana-latam,1,1,,0,"Mercado Libre's deals board and best-seller lists as rows, in nine countries: price, previous price and discount, instalments, free shipping and Full, seller or brand, rating, sold count, link and photo. Filter deals by category, deal type and price. Not a keyword search"
Falabella Price Monitor: Alerta de Precios (CL/PE/CO),GetAScraper,https://apify.com/getascraper/falabella-price-monitor?fpr=youssef,espana-latam,1,1,5,1,"Scheduled price and stock change monitoring for Falabella Chile, Peru, and Colombia. Diff mode emits only products whose price changed since the last run - an alerta de precios Falabella for search terms or category URLs"
"Coppel Mexico Scraper: Product Prices, Brands & Search API",Latin America Data,https://apify.com/latinamericadata/coppel-mexico?fpr=youssef,espana-latam,1,1,,0,"Extract Coppel Mexico product search results, cash prices in MXN, brands, marketplace sellers and product URLs. Export JSON, CSV or Excel"
Mercadona Products Scraper - Barato Low-cost,Prime Scrape,https://apify.com/delectable_incubator/mercadona-products-scraper-barato-low-cost?fpr=youssef,espana-latam,1,1,5,1,"Easily scrape Mercadona products. Extract product IDs, EANs, brands, product names, prices, categories, unit sizes, ingredients, allergens, packaging, suppliers, warehouse information, product images, product URLs & source URLs. Perfect for grocery price monitoring & product datasets"
Wallapop Scraper,DevilScrapes,https://apify.com/devilscrapes/wallapop-scraper?fpr=youssef,espana-latam,1,1,,0,"Export Wallapop Spain classifieds search results - title, description, price, location, images, and listing metadata for one or more keyword searches. No login, no seller messaging, no detail-page fetches beyond what search already returns"
Milanuncios Scraper - Spanish Classifieds Listings,Studio Amba,https://apify.com/studio-amba/milanuncios-scraper?fpr=youssef,espana-latam,1,1,,0,"Scrape classified ad listings from Milanuncios, Spain's largest marketplace. Search cars, real estate, jobs and second-hand goods by keyword. Extract titles, prices, locations, images and seller type. No login or cookies required"
Milanuncios.com Scraper,Aurenic,https://apify.com/aurenic/milanuncios-scraper?fpr=youssef,espana-latam,1,1,,0,Extract listings from Spain's #2 classifieds marketplace
